,,,"Alcohol, recorded per capita (15+) consumption (in litres of pure alcohol)","Alcohol, recorded per capita (15+) consumption (in litres of pure alcohol)","Alcohol, recorded per capita (15+) consumption (in litres of pure alcohol)","Alcohol, recorded per capita (15+) consumption (in litres of pure alcohol)","Alcohol, recorded per capita (15+) consumption (in litres of pure alcohol)","Alcohol, recorded per capita (15+) consumption (in litres of pure alcohol)","Alcohol, recorded per capita (15+) consumption (in litres of pure alcohol)","Alcohol, recorded per capita (15+) consumption (in litres of pure alcohol)","Alcohol, recorded per capita (15+) consumption (in litres of pure alcohol)","Alcohol, recorded per capita (15+) consumption (in litres of pure alcohol)"
Country,Data Source,Beverage Types,2009,2008,2007,2006,2005,2004,2003,2002,2001,2000
Afghanistan,Data source,All types,0.01,0.03,0.02,0.03,0.02,,,,,
Afghanistan,Data source,Beer,0.01,0.01,0.01,0.01,0.01,,,,,
Afghanistan,Data source,Wine,0,0,0.01,0.01,0,,,,,
Afghanistan,Data source,Spirits,0,0.02,0,0.01,0.01,,,,,
Afghanistan,Data source,Other alcoholic beverages,0,0,0,0,0,,,,,
Albania,Data source,All types,5.79,5.56,5.46,5.17,4.98,4.42,4.33,3.96,4.51,3.92
Albania,Data source,Beer,2.21,2.13,1.94,1.79,1.65,1.38,1.45,1.29,1.49,1.33
Albania,Data source,Wine,1.06,0.97,1.06,1,1.02,0.82,0.58,0.4,0.8,0.42
Albania,Data source,Spirits,2.41,2.35,2.35,2.28,2.22,2.14,2.22,2.18,2.13,2.08
Albania,Data source,Other alcoholic beverages,0.12,0.11,0.11,0.1,0.09,0.09,0.09,0.09,0.09,0.09
Algeria,Data source,All types,0.43,0.37,0.34,0.38,0.5,0.45,0.33,0.36,0.23,0.25
Algeria,Data source,Beer,0.2,0.2,0.17,0.18,0.3,0.24,0.19,0.17,0.1,0.12
Algeria,Data source,Wine,0.19,0.14,0.14,0.18,0.18,0.18,0.12,0.18,0.12,0.13
Algeria,Data source,Spirits,0.04,0.02,0.03,0.02,0.02,0.03,0.02,0.01,0.01,0
Algeria,Data source,Other alcoholic beverages,0,0,0,0,0,0,0,0,0,0
Andorra,Data source,All types,10.86,10.96,11.53,11.89,11.82,12.23,12.25,12.16,13.08,12.77
Andorra,Data source,Beer,3.2,3.15,3.31,3.34,3.23,3.16,3.19,3.03,3.13,3.04
Andorra,Data source,Wine,4.87,4.91,5.19,5.57,5.64,5.9,5.98,6.26,6.4,6.52
Andorra,Data source,Spirits,2.64,2.74,2.88,2.88,2.8,3.02,2.9,2.66,3.34,2.99
Andorra,Data source,Other alcoholic beverages,0,0,0,0,0,0,0,0,0,0
Angola,Data source,All types,6.12,5.19,4.68,4.02,3.49,2.41,2.2,2.08,1.94,1.47
Angola,Data source,Beer,3.95,3.27,2.91,2.73,2.4,1.44,1.32,1.31,1.19,0.9
Angola,Data source,Wine,0.9,1.36,1.24,1.2,1.01,0.77,0.69,0.57,0.56,0.38
Angola,Data source,Spirits,1.24,0.55,0.51,0.07,0.07,0.18,0.18,0.18,0.18,0.18
Angola,Data source,Other alcoholic beverages,0.03,0.03,0.02,0.01,0.01,0.01,0.01,0.01,0.01,0.01
Antigua and Barbuda,Data source,All types,7.64,8.41,8.11,7.7,7.44,6.72,6.91,6.67,6.85,6.86
Antigua and Barbuda,Data source,Beer,2.71,2.77,2.73,2.44,2.24,1.82,1.73,1.63,1.75,1.78
Antigua and Barbuda,Data source,Wine,1.64,2,1.76,1.62,1.59,1.4,1.49,1.33,1.26,1.23
Antigua and Barbuda,Data source,Spirits,3.04,3.34,3.33,3.35,3.31,3.22,3.69,3.71,3.84,3.84
Antigua and Barbuda,Data source,Other alcoholic beverages,0.25,0.29,0.29,0.29,0.29,0.28,0,0,0,0
Argentina,Data source,All types,8.34,8.42,8.16,7.8,7.6,7.63,7.62,7.81,7.76,7.68
Argentina,Data source,Beer,3.23,3.16,2.75,2.57,2.42,2.04,2.03,2.08,1.9,1.79
Argentina,Data source,Wine,4.31,4.45,4.65,4.67,4.64,5.03,5.08,5.28,5.32,5.3
Argentina,Data source,Spirits,0.41,0.44,0.44,0.3,0.32,0.52,0.46,0.41,0.49,0.52
Argentina,Data source,Other alcoholic beverages,0.39,0.37,0.32,0.26,0.22,0.04,0.04,0.04,0.05,0.06
Armenia,Data source,All types,3.97,3.96,3.91,3.99,4.17,3.73,3,2.87,2.87,2.91
Armenia,Data source,Beer,0.33,0.42,0.38,0.36,0.28,0.22,0.17,0.17,0.24,0.18
Armenia,Data source,Wine,0.23,0.18,0.18,0.22,0.36,0.34,0.12,0.22,0.29,0.2
Armenia,Data source,Spirits,3.41,3.36,3.35,3.41,3.53,3.17,2.71,2.48,2.34,2.52
Armenia,Data source,Other alcoholic beverages,0.01,0,0,0,0,0,0,0,0,0
Australia,Data source,All types,10.62,10.76,10.56,10.31,10.3,9.84,9.97,9.84,9.53,10.17
Australia,Data source,Beer,4.68,4.69,4.63,4.63,4.62,4.57,4.96,4.97,4.8,5.07
Australia,Data source,Wine,3.78,3.71,3.7,3.53,3.53,3.13,3,3.01,2.91,2.95
Australia,Data source,Spirits,1.32,1.19,1.15,1.16,1.21,1.2,2.01,1.86,1.81,2.07
Australia,Data source,Other alcoholic beverages,0.84,1.17,1.08,0.99,0.94,0.94,0,0,0.01,0.08
Austria,Data source,All types,11.87,12.03,12.54,12.58,12.14,12.17,12.31,12.09,12.35,13.35
Austria,Data source,Beer,6.11,6.37,6.39,6.41,6.43,6.68,6.69,6.58,6.59,6.85
Austria,Data source,Wine,4,3.89,4.38,4.39,4.05,3.82,4.06,3.95,4.2,4.33
Austria,Data source,Spirits,1.76,1.77,1.78,1.78,1.67,1.67,1.55,1.56,1.56,2.16
Austria,Data source,Other alcoholic beverages,0,0,0,0,0,0,0,0,0,0
Azerbaijan,Data source,All types,1.92,1.12,0.95,0.85,0.73,0.63,0.55,0.55,0.5,0.66
Azerbaijan,Data source,Beer,0.28,0.47,0.35,0.3,0.3,0.25,0.24,0.22,0.2,0.17
Azerbaijan,Data source,Wine,0.17,0.12,0.1,0.07,0.04,0.02,0.04,0.08,0.05,0.06
Azerbaijan,Data source,Spirits,1.46,0.54,0.51,0.47,0.4,0.35,0.28,0.25,0.25,0.43
Azerbaijan,Data source,Other alcoholic beverages,0.01,0,0,0,0,0,0,0,0,0
Bahamas,Data source,All types,8.75,9.65,9.92,9.82,9.83,9.61,10.59,10.94,11.38,11.93
Bahamas,Data source,Beer,3.15,3.63,3.84,3.79,3.82,3.73,3.56,3.6,3.69,4.04
Bahamas,Data source,Wine,1.45,1.55,1.56,1.42,1.32,1.26,1.42,1.52,1.54,1.52
Bahamas,Data source,Spirits,3.69,3.97,4.12,4.2,4.29,4.54,5.53,5.74,6.07,6.29
Bahamas,Data source,Other alcoholic beverages,0.46,0.5,0.4,0.41,0.41,0.08,0.08,0.08,0.07,0.08
Bahrain,Data source,All types,1.95,1.99,1.83,1.94,1.92,1.98,2.04,1.87,1.89,1.97
Bahrain,Data source,Beer,0.46,0.47,0.49,0.51,0.53,0.53,0.53,0.54,0.54,0.54
Bahrain,Data source,Wine,0.11,0.11,0.1,0.1,0.1,0.1,0.09,0.12,0.12,0.12
Bahrain,Data source,Spirits,1.36,1.39,1.23,1.32,1.27,1.33,1.41,1.2,1.23,1.3
Bahrain,Data source,Other alcoholic beverages,0.01,0.01,0.01,0.01,0.01,0.01,0.01,0.01,0.01,0.01
Bangladesh,Data source,All types,0,0,0,0,0,0,0,0,0,0.01
Bangladesh,Data source,Beer,0,0,0,0,0,0,0,0,0,0
Bangladesh,Data source,Wine,0,0,0,0,0,0,0,0,0,0
Bangladesh,Data source,Spirits,0,0,0,0,0,0,0,0,0,0
Bangladesh,Data source,Other alcoholic beverages,0,0,0,0,0,0,0,0,0,0
Barbados,Data source,All types,8.24,8.63,8.07,8.12,7.84,7.43,7.51,7.59,7.42,7.31
Barbados,Data source,Beer,3.18,3.45,3.15,3.29,3.22,2.98,2.89,2.89,2.87,2.73
Barbados,Data source,Wine,0.62,0.7,0.68,0.63,0.58,0.58,0.58,0.56,0.54,0.51
Barbados,Data source,Spirits,4.28,4.24,3.97,3.95,3.82,3.8,3.97,4.06,3.92,3.99
Barbados,Data source,Other alcoholic beverages,0.16,0.25,0.26,0.24,0.22,0.08,0.08,0.08,0.08,0.08
Belarus,Data source,All types,13.98,14.58,13.91,12.61,11.19,12.08,11.17,11.78,10.74,12.92
Belarus,Data source,Beer,2.33,2.46,2.29,1.95,1.56,1.33,3.2,2.73,1.15,1.19
Belarus,Data source,Wine,0.61,0.65,0.62,0.59,0.56,0.22,0.49,0.41,0.37,0.17
Belarus,Data source,Spirits,6.12,6.32,6,5.25,4.16,3.64,3.8,4.75,4.75,5.03
Belarus,Data source,Other alcoholic beverages,4.92,5.15,5,4.82,4.91,6.89,3.68,3.89,4.47,6.54
Belgium,Data source,All types,10.1,10.51,13.43,10.94,12.21,12.05,11.28,11.29,11.01,11.21
Belgium,Data source,Beer,4.94,5.04,5.21,5.6,6.05,5.93,6.12,6.07,6.07,6.15
Belgium,Data source,Wine,3.66,3.83,4.27,4.37,4.21,4.24,4.05,4.24,3.98,4.05
Belgium,Data source,Spirits,1.45,1.59,3.97,0.99,1.97,1.83,1.07,0.94,0.93,1
Belgium,Data source,Other alcoholic beverages,0.05,0.06,0,0.01,0,0.01,0,0,0,0
Belize,Data source,All types,6.44,6.95,6.99,6.28,6.1,6.07,5.63,4.92,4.77,4.7
Belize,Data source,Beer,4.36,4.7,4.74,4.01,3.86,3.88,3.6,3.01,2.87,2.76
Belize,Data source,Wine,0.17,0.23,0.22,0.19,0.18,0.16,0.16,0.16,0.15,0.14
Belize,Data source,Spirits,1.73,1.87,1.91,1.98,2.01,2.03,1.77,1.74,1.75,1.77
Belize,Data source,Other alcoholic beverages,0.18,0.15,0.13,0.11,0.05,0,0.1,0.01,0,0.03
Benin,Data source,All types,1.26,1.38,1.23,1.29,1.24,1.25,1.46,1.34,1.39,1.44
Benin,Data source,Beer,0.64,0.64,0.56,0.54,0.52,0.54,0.71,0.74,0.67,0.54
Benin,Data source,Wine,0.2,0.16,0.17,0.17,0.14,0.12,0.12,0.1,0.12,0.12
Benin,Data source,Spirits,0.15,0.26,0.1,0.19,0.16,0.16,0.19,0.02,0.13,0.31
Benin,Data source,Other alcoholic beverages,0.26,0.32,0.39,0.39,0.42,0.43,0.44,0.48,0.48,0.47
Bhutan,Data source,All types,0.15,0.16,0.15,0.28,0.73,0.97,0.53,0.3,1.42,1.66
Bhutan,Data source,Beer,0.12,0.13,0.12,0.26,0.36,0.63,0.49,0.29,1.42,1.66
Bhutan,Data source,Wine,0.01,0.01,0.01,0.01,0.01,0.01,0.01,0.01,0.01,0.01
Bhutan,Data source,Spirits,0.03,0.02,0.02,0.02,0.36,0.34,0.03,0,0,0
Bhutan,Data source,Other alcoholic beverages,0,0,0,0,0,0,0,0,0,0
Bolivia (Plurinational State of),Data source,All types,3.64,3.51,3.38,3.13,2.8,2.61,2.32,2.24,2.19,2.3
Bolivia (Plurinational State of),Data source,Beer,2.94,2.79,2.55,2.34,2.13,1.99,1.69,1.58,1.54,1.67
Bolivia (Plurinational State of),Data source,Wine,0.14,0.17,0.16,0.16,0.08,0.06,0.06,0.05,0.06,0.06
Bolivia (Plurinational State of),Data source,Spirits,0.53,0.54,0.67,0.62,0.58,0.56,0.57,0.61,0.58,0.56
Bolivia (Plurinational State of),Data source,Other alcoholic beverages,0.02,0.01,0.01,0.01,0.01,0,0,0,0,0
Bosnia and Herzegovina,Data source,All types,4.69,5.03,5.03,4.72,4.5,4.38,4.29,4.08,4.11,3.87
Bosnia and Herzegovina,Data source,Beer,3.53,3.82,3.79,3.6,3.38,3.08,2.94,2.73,2.69,2.64
Bosnia and Herzegovina,Data source,Wine,0.46,0.47,0.49,0.38,0.36,0.34,0.34,0.32,0.41,0.22
Bosnia and Herzegovina,Data source,Spirits,0.58,0.6,0.6,0.59,0.62,0.83,0.88,0.89,0.87,0.87
Bosnia and Herzegovina,Data source,Other alcoholic beverages,0.13,0.14,0.14,0.15,0.14,0.14,0.14,0.14,0.14,0.14
Botswana,Data source,All types,5.36,7.52,6.87,7.14,6.38,4.91,5.63,6.43,5.5,5.38
Botswana,Data source,Beer,2.28,2.17,2.65,2.65,2.58,2.48,2.51,2.62,2.71,2.31
Botswana,Data source,Wine,0.71,1.14,1.83,1.43,0.91,0.45,0.46,0.53,0.23,0.34
Botswana,Data source,Spirits,0.67,2.08,0.49,1.07,1.01,0,0.82,1.22,0.36,0.54
Botswana,Data source,Other alcoholic beverages,1.7,2.13,1.9,1.99,1.86,1.98,1.84,2.06,2.2,2.19
Brazil,Data source,All types,6.95,6.83,6.91,6.93,6.76,6.7,6.84,7.02,7.18,7.3
Brazil,Data source,Beer,3.91,3.61,3.6,3.53,3.34,3.21,3.18,3.32,3.35,3.34
Brazil,Data source,Wine,0.29,0.27,0.28,0.3,0.33,0.28,0.28,0.3,0.29,0.31
Brazil,Data source,Spirits,2.72,2.92,3,3.07,3.06,3.18,3.35,3.37,3.5,3.62
Brazil,Data source,Other alcoholic beverages,0.03,0.03,0.03,0.03,0.03,0.03,0.03,0.03,0.03,0.03
Brunei Darussalam,Data source,All types,0.24,0.65,0.83,0.63,0.14,0.09,0.11,0.12,0.44,0.35
Brunei Darussalam,Data source,Beer,0.19,0.6,0.77,0.5,0.09,0.08,0.09,0.09,0.2,0.19
Brunei Darussalam,Data source,Wine,0,0,0,0,0,0,0,0,0.01,0.01
Brunei Darussalam,Data source,Spirits,0.05,0.05,0.06,0.11,0.05,0.01,0.02,0.03,0.23,0.15
Brunei Darussalam,Data source,Other alcoholic beverages,0,0,0,0.02,0,0,0,0,0,0
Bulgaria,Data source,All types,10.53,10.73,10.66,10.18,10.22,10.7,10.92,10.8,11.07,10.26
Bulgaria,Data source,Beer,4.02,4.4,4.41,3.96,3.55,3.54,3.53,3.52,3.51,3.5
Bulgaria,Data source,Wine,1.63,1.49,1.48,1.37,1.68,1.8,2.51,2.34,2.74,2.05
Bulgaria,Data source,Spirits,4.83,4.79,4.73,4.8,4.92,5.3,4.83,4.88,4.77,4.65
Bulgaria,Data source,Other alcoholic beverages,0.05,0.05,0.05,0.05,0.06,0.06,0.06,0.06,0.06,0.06
Burkina Faso,Data source,All types,5.52,5.47,5.55,5.67,5.87,5.51,5.57,5.48,5.53,4.51
Burkina Faso,Data source,Beer,0.46,0.46,0.45,0.44,0.44,0.42,0.41,0.41,0.39,0.4
Burkina Faso,Data source,Wine,0.08,0.07,0.07,0.09,0.09,0.1,0.07,0.08,0.08,0.08
Burkina Faso,Data source,Spirits,0.14,0.13,0.2,0.5,0.43,0.17,0.21,0.27,0.23,0.29
Burkina Faso,Data source,Other alcoholic beverages,4.83,4.81,4.82,4.63,4.9,4.82,4.87,4.72,4.83,3.74
Burundi,Data source,All types,4.49,4.8,5.03,4.99,6.07,6.24,6.37,6.51,6.62,7.17
Burundi,Data source,Beer,1.45,1.48,1.5,1.47,1.25,1.26,1.2,1.07,1.05,1.53
Burundi,Data source,Wine,0,0,0,0,0.01,0.01,0,0.01,0.01,0.01
Burundi,Data source,Spirits,0,0,0.01,0.01,0,0,0,0,0,0
Burundi,Data source,Other alcoholic beverages,3.04,3.31,3.52,3.5,4.8,4.98,5.17,5.44,5.56,5.63
Cabo Verde,Data source,All types,4.2,4.25,5.4,4.36,4.32,4.25,4.21,3.87,3.86,3.49
Cabo Verde,Data source,Beer,2.22,1.99,2.06,1.96,2.19,1.9,2.32,2.08,2.12,2.09
Cabo Verde,Data source,Wine,1.49,1.94,2.59,1.92,1.99,1.84,1.44,1.52,1.28,0.95
Cabo Verde,Data source,Spirits,0.48,0.32,0.74,0.47,0.14,0.51,0.44,0.26,0.46,0.45
Cabo Verde,Data source,Other alcoholic beverages,0,0,0,0,0,0,0.01,0.01,0,0
Cambodia,Data source,All types,1.42,1.35,1.29,1.18,1.1,0.9,0.84,0.75,0.62,0.6
Cambodia,Data source,Beer,1.05,0.98,0.94,0.84,0.77,0.58,0.54,0.49,0.37,0.34
Cambodia,Data source,Wine,0.01,0.01,0.01,0.01,0,0,0,0,0,0
Cambodia,Data source,Spirits,0.37,0.36,0.35,0.34,0.33,0.32,0.3,0.26,0.25,0.26
Cambodia,Data source,Other alcoholic beverages,0,0,0,0,0,0,0,0,0,0
Cameroon,Data source,All types,5.72,5.5,5.22,5.1,4.9,4.69,4.6,4.54,4.38,3.89
Cameroon,Data source,Beer,2.8,2.37,2.19,2.15,2.17,2.5,2.45,2.44,2.35,2.14
Cameroon,Data source,Wine,0.08,0.08,0.07,0.08,0.09,0.08,0.08,0.08,0.09,0.09
Cameroon,Data source,Spirits,0.01,0.06,0.07,0.05,0,0,0,0,0,0
Cameroon,Data source,Other alcoholic beverages,2.83,2.99,2.89,2.83,2.64,2.1,2.07,2.02,1.94,1.66
Canada,Data source,All types,8.4,8.4,8.3,8.2,8,,,,,
Canada,Data source,Beer,4.2,4.2,4.2,4.2,4.2,,,,,
Canada,Data source,Wine,1.9,1.8,1.8,1.7,1.6,,,,,
Canada,Data source,Spirits,2.1,2.1,2.1,2.1,2,,,,,
Canada,Data source,Other alcoholic beverages,0.2,0.2,0.2,0.2,0.2,,,,,
Central African Republic,Data source,All types,1.66,1.73,1.69,1.7,1.57,1.6,1.61,1.6,1.67,1.68
Central African Republic,Data source,Beer,0.3,0.31,0.28,0.26,0.22,0.25,0.27,0.29,0.36,0.41
Central African Republic,Data source,Wine,0.01,0.01,0.01,0.09,0.01,0.01,0.02,0.02,0.03,0.03
Central African Republic,Data source,Spirits,0.04,0.02,0.03,0.04,0.03,0.03,0.04,0.02,0.04,0.02
Central African Republic,Data source,Other alcoholic beverages,1.3,1.38,1.36,1.32,1.32,1.3,1.28,1.26,1.24,1.22
Chad,Data source,All types,0.67,0.64,0.58,0.49,0.46,0.42,0.46,0.4,0.34,0.3
Chad,Data source,Beer,0.3,0.29,0.26,0.23,0.24,0.23,0.24,0.22,0.18,0.17
Chad,Data source,Wine,0.19,0.16,0.14,0.05,0.05,0.09,0.05,0.05,0.05,0.05
Chad,Data source,Spirits,0.02,0.02,0.02,0.02,0.02,0.02,0.03,0.03,0,0
Chad,Data source,Other alcoholic beverages,0.16,0.16,0.16,0.19,0.15,0.08,0.14,0.1,0.11,0.08
Chile,Data source,All types,7.67,7.31,7.39,7.33,7.57,6.32,6.37,6.06,6.1,6.24
Chile,Data source,Beer,2.32,2.43,2.34,2.26,2.01,1.83,1.81,1.76,1.79,1.8
Chile,Data source,Wine,2.85,2.17,2.83,2.22,2.59,2.54,2.6,2.38,2.38,2.45
Chile,Data source,Spirits,2.5,2.71,2.22,2.85,2.97,1.91,1.95,1.9,1.91,1.98
Chile,Data source,Other alcoholic beverages,0,0,0,0,0,0.03,0.02,0.01,0.01,0.01
China,Data source,All types,4.88,4.27,3.89,3.28,2.92,2.96,2.89,2.88,2.81,3.01
China,Data source,Beer,1.59,1.55,1.43,1.34,1.18,1.09,0.99,0.96,0.92,0.92
China,Data source,Wine,0.1,0.08,0.08,0.06,0.05,0.14,0.14,0.14,0.14,0.13
China,Data source,Spirits,3.19,2.64,2.37,1.88,1.69,1.73,1.75,1.78,1.75,1.96
China,Data source,Other alcoholic beverages,0,0,0,0,0,0,0,0,0,0
Colombia,Data source,All types,4.24,4.35,4.54,4.43,4.27,4.13,4.14,4.32,4.31,4.52
Colombia,Data source,Beer,2.88,2.99,3.1,2.95,2.76,2.58,2.58,2.65,2.52,2.8
Colombia,Data source,Wine,0.05,0.05,0.05,0.05,0.05,0.04,0.04,0.04,0.04,0.02
Colombia,Data source,Spirits,1.29,1.29,1.37,1.41,1.43,1.5,1.5,1.6,1.71,1.65
Colombia,Data source,Other alcoholic beverages,0.02,0.02,0.02,0.02,0.02,0.01,0.02,0.04,0.04,0.04
Comoros,Data source,All types,0.18,0.12,0.15,0.24,0.24,0.27,0.26,0.13,0.1,0.08
Comoros,Data source,Beer,0.04,0.04,0.05,0.13,0.15,0.13,0.11,0.02,0.02,0.02
Comoros,Data source,Wine,0.04,0.02,0.03,0.02,0.03,0.06,0.05,0.07,0.04,0.03
Comoros,Data source,Spirits,0.1,0.06,0.07,0.09,0.06,0.08,0.1,0.04,0.04,0.03
Comoros,Data source,Other alcoholic beverages,0,0,0,0,0,0,0,0,0,0
Congo,Data source,All types,3.45,3.23,2.91,2.68,2.28,2.03,2.26,2.33,2.05,2.05
Congo,Data source,Beer,2.85,2.58,2.43,2.09,1.71,1.6,1.62,1.66,1.4,1.42
Congo,Data source,Wine,0.23,0.25,0.18,0.23,0.18,0.17,0.15,0.16,0.21,0.22
Congo,Data source,Spirits,0.36,0.4,0.29,0.36,0.38,0.25,0.49,0.5,0.44,0.41
Congo,Data source,Other alcoholic beverages,0.02,0.01,0.01,0.01,0,0.01,0,0,0,0
Costa Rica,Data source,All types,4.14,4.29,4.25,4.19,4.11,4.08,4.05,4.16,4.25,4.24
Costa Rica,Data source,Beer,2.47,2.5,2.44,2.35,2.3,2.24,2.25,2.23,2.24,2.25
Costa Rica,Data source,Wine,0.18,0.2,0.19,0.17,0.15,0.13,0.13,0.12,0.11,0.11
Costa Rica,Data source,Spirits,1.45,1.55,1.58,1.64,1.63,1.7,1.67,1.81,1.9,1.87
Costa Rica,Data source,Other alcoholic beverages,0.04,0.04,0.04,0.04,0.04,0,0,0,0,0
Côte d'Ivoire,Data source,All types,0.99,0.97,0.91,0.81,0.85,0.85,4.65,4.56,4.67,4.65
Côte d'Ivoire,Data source,Beer,0.61,0.64,0.66,0.61,0.65,0.62,0.62,0.51,0.53,0.56
Côte d'Ivoire,Data source,Wine,0.29,0.26,0.19,0.16,0.16,0.19,0.34,0.35,0.31,0.27
Côte d'Ivoire,Data source,Spirits,0.06,0.06,0.05,0.02,0.02,0.02,0.04,0.04,0.04,0.04
Côte d'Ivoire,Data source,Other alcoholic beverages,0.02,0.02,0.02,0.02,0.02,0.02,3.64,3.65,3.79,3.78
Croatia,Data source,All types,11.11,11.36,11.36,10.98,10.72,12.42,12.99,13.88,13.69,13.24
Croatia,Data source,Beer,4.74,5.02,5.12,4.98,4.85,4.94,5.14,5.04,5.26,5.15
Croatia,Data source,Wine,4.75,4.71,4.62,4.37,4.25,5.36,5.71,6.68,6.23,5.93
Croatia,Data source,Spirits,1.23,1.24,1.24,1.27,1.27,1.77,1.79,1.81,1.84,1.81
Croatia,Data source,Other alcoholic beverages,0.39,0.39,0.38,0.36,0.35,0.35,0.35,0.35,0.35,0.35
Cuba,Data source,All types,3.97,4.25,4.12,4.17,4.48,4.36,4.39,4.1,4.05,3.93
Cuba,Data source,Beer,1.58,1.65,1.6,1.56,1.48,1.52,1.51,1.31,1.31,1.33
Cuba,Data source,Wine,0.05,0.06,0.07,0.05,0.05,0.05,0.04,0.04,0.04,0.04
Cuba,Data source,Spirits,2.32,2.52,2.43,2.52,2.92,2.8,2.84,2.75,2.7,2.56
Cuba,Data source,Other alcoholic beverages,0.02,0.02,0.03,0.03,0.02,0,0,0,0,0
Cyprus,Data source,All types,10.81,12.03,11.58,11.48,11.41,13.03,10.62,11.68,10.16,9.56
Cyprus,Data source,Beer,3.69,3.9,3.71,3.58,3.62,3.6,3.56,3.5,3.71,3.69
Cyprus,Data source,Wine,2.6,2.97,2.92,2.92,2.79,2.64,2.5,2.7,2.47,2.52
Cyprus,Data source,Spirits,4.53,5.17,4.95,4.97,5,6.79,4.55,5.47,3.97,3.35
Cyprus,Data source,Other alcoholic beverages,0,0,0,0,0,0,0,0,0,0
Czechia,Data source,All types,13.43,13.65,13.83,13.58,13.66,13.42,13.87,13.77,13.64,13.9
Czechia,Data source,Beer,7.01,7.29,7.42,7.43,7.65,7.53,7.61,7.55,7.44,7.63
Czechia,Data source,Wine,2.61,2.58,2.59,2.41,2.36,2.32,2.3,2.3,2.31,2.31
Czechia,Data source,Spirits,3.81,3.77,3.82,3.74,3.65,3.57,3.95,3.92,3.89,3.96
Czechia,Data source,Other alcoholic beverages,0,0,0,0,0,0,0,0,0,0
Democratic People's Republic of Korea,Data source,All types,3.34,3.15,3.12,3.27,3.2,3.13,3.13,3.09,2.54,3.54
Democratic People's Republic of Korea,Data source,Beer,0.15,0.14,0.18,0.19,0.19,0.19,0.21,0.2,0.2,0.23
Democratic People's Republic of Korea,Data source,Wine,0,0,0,0,0,0,0,0,0,0
Democratic People's Republic of Korea,Data source,Spirits,3.19,3.01,2.94,3.08,3.01,2.94,2.92,2.89,2.34,3.31
Democratic People's Republic of Korea,Data source,Other alcoholic beverages,0,0,0,0,0,0,0,0,0,0
Democratic Republic of the Congo,Data source,All types,1.01,1.13,0.87,0.44,0.37,0.34,0.48,0.52,0.47,0.55
Democratic Republic of the Congo,Data source,Beer,0.55,0.53,0.48,0.41,0.34,0.32,0.27,0.27,0.26,0.29
Democratic Republic of the Congo,Data source,Wine,0.06,0.02,0.02,0.02,0.01,0.01,0.01,0,0,0
Democratic Republic of the Congo,Data source,Spirits,0.02,0.08,0.03,0.02,0.02,0.01,0.01,0.01,0.02,0.01
Democratic Republic of the Congo,Data source,Other alcoholic beverages,0.38,0.49,0.34,0,0,0,0.19,0.24,0.19,0.25
Denmark,Data source,All types,10.08,10.7,10.99,11.02,11.26,11.26,11.53,11.32,11.54,11.68
Denmark,Data source,Beer,4.13,4.51,4.76,4.92,5.05,5.1,5.47,5.47,5.56,5.75
Denmark,Data source,Wine,4.38,4.47,4.41,4.34,4.44,4.32,4.47,4.43,4.59,4.52
Denmark,Data source,Spirits,1.52,1.66,1.74,1.69,1.78,1.85,1.6,1.42,1.39,1.41
Denmark,Data source,Other alcoholic beverages,0.05,0.06,0.07,0.07,0,0,0,0,0,0
Djibouti,Data source,All types,0.47,0.49,0.45,1.03,1.22,0.51,0.52,1.11,1.33,1.24
Djibouti,Data source,Beer,0.23,0.24,0.19,0.23,0.23,0.23,0.23,0.23,0.23,0.23
Djibouti,Data source,Wine,0.03,0.04,0.04,0.03,0.05,0.04,0.04,0.04,0.04,0.04
Djibouti,Data source,Spirits,0.21,0.21,0.22,0.75,0.94,0.23,0.24,0.84,1.05,0.97
Djibouti,Data source,Other alcoholic beverages,0,0,0,0.03,0,0,0,0,0,0
Dominica,Data source,All types,8.63,9.48,8.89,9.06,8.9,8.92,8.02,8.69,8.54,8.74
Dominica,Data source,Beer,1.99,1.9,1.92,1.76,1.74,1.6,1.63,1.59,1.5,1.55
Dominica,Data source,Wine,0.24,0.18,0.42,0.18,0.41,0.27,0.19,0.39,0.18,0.18
Dominica,Data source,Spirits,6.35,7.38,6.53,7.09,6.69,7.03,6.19,6.64,6.82,6.94
Dominica,Data source,Other alcoholic beverages,0.05,0.03,0.02,0.03,0.07,0.02,0.01,0.06,0.04,0.07
Dominican Republic,Data source,All types,5.63,5.91,5.92,5.84,5.75,5.31,6.53,6.65,6.36,6.72
Dominican Republic,Data source,Beer,2.69,2.73,2.65,2.84,2.6,2.06,2.65,2.72,2.41,2.66
Dominican Republic,Data source,Wine,0.19,0.21,0.21,0.23,0.25,0.26,0.28,0.28,0.29,0.26
Dominican Republic,Data source,Spirits,2.68,2.91,3,2.7,2.85,2.98,3.59,3.64,3.65,3.78
Dominican Republic,Data source,Other alcoholic beverages,0.07,0.06,0.05,0.06,0.05,0,0,0,0,0
Ecuador,Data source,All types,4.2,4.12,3.99,3.88,3.9,4.09,4.04,3.98,4.19,4.01
Ecuador,Data source,Beer,2.62,2.4,2.17,2.1,1.92,1.82,1.76,1.64,1.5,1.34
Ecuador,Data source,Wine,0.37,0.39,0.41,0.4,0.39,0.49,0.4,0.15,0.12,0.07
Ecuador,Data source,Spirits,1.19,1.32,1.4,1.37,1.58,1.77,1.89,2.19,2.57,2.59
Ecuador,Data source,Other alcoholic beverages,0.01,0.01,0.01,0.01,0.01,0,0,0,0,0
Egypt,Data source,All types,0.19,0.21,0.19,0.17,0.15,0.14,0.14,0.14,0.13,0.14
Egypt,Data source,Beer,0.11,0.11,0.11,0.1,0.08,0.08,0.07,0.07,0.06,0.06
Egypt,Data source,Wine,0.02,0.04,0.02,0.01,0.01,0.01,0.01,0.01,0.01,0.01
Egypt,Data source,Spirits,0.05,0.06,0.05,0.05,0.05,0.05,0.06,0.06,0.06,0.07
Egypt,Data source,Other alcoholic beverages,0,0,0,0,0,0,0,0,0,0
El Salvador,Data source,All types,2.48,2.59,2.73,2.67,2.68,2.78,2.91,2.85,2.76,2.65
El Salvador,Data source,Beer,0.91,0.95,1,0.97,0.91,1.03,1.02,1.03,1.01,0.99
El Salvador,Data source,Wine,0.04,0.04,0.04,0.04,0.03,0.03,0.03,0.03,0.03,0.03
El Salvador,Data source,Spirits,1.52,1.59,1.69,1.66,1.73,1.72,1.87,1.79,1.73,1.64
El Salvador,Data source,Other alcoholic beverages,0,0.01,0.01,0.01,0.01,0,0,0,0,0
Equatorial Guinea,Data source,All types,7.2,7.71,8.31,8.7,7.82,8.11,7.87,7.12,6.79,6.7
Equatorial Guinea,Data source,Beer,3.05,3.01,2.45,2.63,2.46,1.98,1.73,0.99,0.66,0.56
Equatorial Guinea,Data source,Wine,2.65,3.09,2.73,3.09,2.86,3.82,3.82,3.82,3.82,3.82
Equatorial Guinea,Data source,Spirits,1.45,1.57,3.07,2.85,2.39,2.18,2.18,2.18,2.18,2.18
Equatorial Guinea,Data source,Other alcoholic beverages,0.05,0.05,0.05,0.13,0.12,0.14,0.14,0.14,0.14,0.14
Eritrea,Data source,All types,0.85,0.66,1.75,1.29,1.18,0.72,0.62,0.89,0.67,0.88
Eritrea,Data source,Beer,0.51,0.41,0.46,0.6,0.72,0.61,0.46,0.49,0.51,0.53
Eritrea,Data source,Wine,0,0,0,0,0,0,0,0,0,0
Eritrea,Data source,Spirits,0,0,0,0,0.02,0.02,0.02,0.02,0.03,0.01
Eritrea,Data source,Other alcoholic beverages,0.34,0.25,1.29,0.69,0.44,0.09,0.14,0.38,0.13,0.34
Estonia,Data source,All types,14.66,16.61,17.47,17.87,16.58,15.52,11.64,12.16,10.1,9.03
Estonia,Data source,Beer,5.07,5.37,5.85,6.5,6.48,6.04,4.75,4.99,4.62,4.19
Estonia,Data source,Wine,1.38,1.52,1.26,1.44,1.5,1.47,0.82,0.8,0.98,1.05
Estonia,Data source,Spirits,6.52,7.69,8.36,7.87,6.62,6.13,4.81,5.05,3.92,3.22
Estonia,Data source,Other alcoholic beverages,1.68,2.04,2,2.06,1.98,1.88,1.26,1.32,0.58,0.57
Eswatini,Data source,All types,5.65,5.64,6.34,6.26,5.05,5.76,5.62,5.51,6.7,6.8
Eswatini,Data source,Beer,1.52,1.45,1.55,1.62,1.7,1.63,1.64,1.57,1.55,1.78
Eswatini,Data source,Wine,0.04,0.02,0.04,0.01,0.02,0.02,0.05,0.16,0.26,0.26
Eswatini,Data source,Spirits,0.03,0.02,0.41,0.5,0.15,0.89,0.42,0.03,0.46,0.08
Eswatini,Data source,Other alcoholic beverages,4.05,4.15,4.34,4.14,3.19,3.22,3.52,3.74,4.43,4.68
Ethiopia,Data source,All types,0.32,0.32,0.31,0.29,0.21,0.21,0.14,0.16,0.2,0.19
Ethiopia,Data source,Beer,0.28,0.29,0.29,0.28,0.21,0.2,0.14,0.16,0.2,0.18
Ethiopia,Data source,Wine,0.02,0.02,0,0,0,0,0,0,0,0
Ethiopia,Data source,Spirits,0.01,0.01,0.01,0.01,0.01,0.01,0.01,0.01,0.01,0.01
Ethiopia,Data source,Other alcoholic beverages,0,0,0,0,0,0,0,0,0,0
Fiji,Data source,All types,2.32,1.96,2.1,2.07,2.03,2.05,2.07,2.27,2.35,2.46
Fiji,Data source,Beer,1.35,1.36,1.37,1.38,1.42,1.44,1.46,1.67,1.66,1.76
Fiji,Data source,Wine,0.02,0.02,0.02,0.02,0.02,0.02,0.01,0.02,0.11,0.11
Fiji,Data source,Spirits,0.95,0.58,0.72,0.67,0.58,0.58,0.58,0.58,0.58,0.58
Fiji,Data source,Other alcoholic beverages,0,0,0,0,0,0,0,0,0,0
Finland,Data source,All types,9.96,10.26,10.45,10.15,9.95,9.89,9.31,9.25,8.94,8.88
Finland,Data source,Beer,4.54,4.62,4.7,4.57,4.59,4.57,4.37,4.43,4.37,4.27
Finland,Data source,Wine,1.85,1.85,1.82,1.55,1.47,1.42,1.43,1.31,1.19,1.07
Finland,Data source,Spirits,1.62,1.75,1.87,2.86,2.82,2.79,2.38,2.37,2.32,2.33
Finland,Data source,Other alcoholic beverages,1.95,2.04,2.06,1.17,1.08,1.11,1.13,1.14,1.06,1.21
France,Data source,All types,12.66,12.53,12.95,13.05,12.88,13.14,13.45,13.92,14.15,13.92
France,Data source,Beer,2.25,2.18,2.33,2.4,2.31,2.24,2.29,2.25,2.36,2.31
France,Data source,Wine,7.41,7.33,7.6,7.75,7.65,7.94,8.17,8.52,8.62,8.54
France,Data source,Spirits,2.7,2.72,2.72,2.7,2.62,2.67,2.65,2.74,2.76,2.66
France,Data source,Other alcoholic beverages,0.3,0.3,0.3,0.2,0.3,0.29,0.34,0.41,0.41,0.41
Gabon,Data source,All types,8.12,8.31,8.65,7.77,7.56,8.02,6.41,8.29,9.27,8.89
Gabon,Data source,Beer,5.69,5.91,5.56,5.36,5.2,4.78,4.8,5.32,6.03,5.87
Gabon,Data source,Wine,0.92,0.92,1.14,0.96,0.84,0.99,0.84,1.27,1.55,1.55
Gabon,Data source,Spirits,1.47,1.45,1.91,1.41,1.47,2.19,0.77,1.7,1.69,1.47
Gabon,Data source,Other alcoholic beverages,0.05,0.04,0.04,0.04,0.04,0.05,0,0,0,0
Gambia,Data source,All types,3.05,2.98,3.19,3.25,3.31,3.56,3.63,3.37,3.28,3.16
Gambia,Data source,Beer,0.17,0.18,0.24,0.24,0.23,0.25,0.23,0.2,0.19,0.2
Gambia,Data source,Wine,0.03,0.04,0.05,0.03,0.05,0.05,0.04,0.05,0.02,0.02
Gambia,Data source,Spirits,0.01,0.01,0.05,0.04,0,0,0,0,0,0
Gambia,Data source,Other alcoholic beverages,2.84,2.76,2.85,2.94,3.03,3.26,3.37,3.12,3.07,2.93
Georgia,Data source,All types,6.26,7.27,6.89,5.69,4.36,2.89,2.79,2.74,2.77,3.29
Georgia,Data source,Beer,0.9,1.19,1.09,0.88,0.79,0.6,0.56,0.51,0.46,0.41
Georgia,Data source,Wine,3.28,3.98,3.7,2.86,1.64,1.03,1.02,1.12,1.24,1.56
Georgia,Data source,Spirits,2.07,2.09,2.09,1.96,1.93,1.26,1.21,1.11,1.08,1.32
Georgia,Data source,Other alcoholic beverages,0,0,0,0,0,0,0,0,0,0
Germany,Data source,All types,11.23,11.37,11.51,11.76,11.68,11.83,11.92,12.25,12.46,12.91
Germany,Data source,Beer,6.34,6.35,6.48,6.73,6.62,6.29,6.43,6.67,6.71,7.16
Germany,Data source,Wine,3.11,3.24,3.24,3.13,3.13,3.06,3.14,3.14,3.21,3.18
Germany,Data source,Spirits,2.15,2.16,2.16,2.28,2.29,2.48,2.35,2.44,2.54,2.57
Germany,Data source,Other alcoholic beverages,0,0,0,0,0,0,0,0,0,0
Ghana,Data source,All types,1.26,1.26,0.67,0.65,0.56,0.55,1.91,1.95,1.85,1.95
Ghana,Data source,Beer,0.47,0.49,0.48,0.49,0.43,0.42,0.4,0.41,0.34,0.41
Ghana,Data source,Wine,0.12,0.15,0.14,0.11,0.08,0.08,0.07,0.05,0.04,0.04
Ghana,Data source,Spirits,0.04,0.04,0.05,0.05,0.05,0.04,0.07,0.21,0.18,0.11
Ghana,Data source,Other alcoholic beverages,0.63,0.58,0,0,0,0,1.38,1.29,1.3,1.39
Greece,Data source,All types,8.32,8.73,8.89,8.68,9.15,9.1,8.91,8.22,8.75,8.6
Greece,Data source,Beer,2.23,2.36,2.34,2.23,2.18,2.19,2.22,2.35,2.33,2.38
Greece,Data source,Wine,3.81,4.03,4.17,4.06,4.56,4.21,3.93,3.16,3.79,3.69
Greece,Data source,Spirits,2.13,2.18,2.22,2.23,2.23,2.53,2.59,2.53,2.46,2.35
Greece,Data source,Other alcoholic beverages,0.15,0.16,0.15,0.16,0.18,0.18,0.18,0.18,0.18,0.18
Grenada,Data source,All types,8.55,9.04,9.14,9.26,8.85,8.68,9.89,10.99,9.77,9.21
Grenada,Data source,Beer,3.54,3.86,4,4.15,3.87,3.62,3.74,3.47,3.53,3.5
Grenada,Data source,Wine,0.61,0.61,0.56,0.53,0.45,0.44,0.42,0.44,0.38,0.43
Grenada,Data source,Spirits,4.12,4.26,4.34,4.39,4.36,4.38,5.61,6.93,5.72,5.15
Grenada,Data source,Other alcoholic beverages,0.27,0.31,0.24,0.2,0.17,0.24,0.13,0.15,0.13,0.13
Guatemala,Data source,All types,2.03,2.1,2.36,2.36,2.34,2.38,2.34,2.3,2.41,2.52
Guatemala,Data source,Beer,0.81,0.89,1.05,1.07,1.07,1.12,1.06,0.95,1.01,1.06
Guatemala,Data source,Wine,0.03,0.03,0.11,0.12,0.13,0.12,0.03,0.03,0.03,0.03
Guatemala,Data source,Spirits,1.19,1.17,1.2,1.16,1.14,1.13,1.25,1.32,1.37,1.43
Guatemala,Data source,Other alcoholic beverages,0.01,0.01,0.01,0.01,0.01,0.01,0.01,0.01,0.01,0.01
Guinea,Data source,All types,0.19,0.21,0.19,0.15,0.2,0.34,0.18,0.21,0.17,0.18
Guinea,Data source,Beer,0.16,0.17,0.15,0.12,0.16,0.16,0.16,0.17,0.15,0.15
Guinea,Data source,Wine,0.02,0.03,0.02,0.01,0.02,0.02,0.02,0.04,0.02,0.02
Guinea,Data source,Spirits,0.01,0.01,0.01,0.01,0.03,0.16,0,0,0.01,0.01
Guinea,Data source,Other alcoholic beverages,0,0,0,0,0,0,0,0,0,0
Guinea-Bissau,Data source,All types,2.89,3.01,3.22,3.48,3.69,3.56,3.07,2.6,2.75,3.02
Guinea-Bissau,Data source,Beer,0.48,0.32,0.39,0.4,0.39,0.46,0.41,0.35,0.36,0.44
Guinea-Bissau,Data source,Wine,0.54,0.54,0.6,0.42,0.61,0.52,0.55,0.65,0.46,0.46
Guinea-Bissau,Data source,Spirits,0.55,0.56,0.53,0.54,0.51,0.53,0.54,0.56,0.57,0.59
Guinea-Bissau,Data source,Other alcoholic beverages,1.32,1.59,1.7,2.12,2.18,2.05,1.56,1.05,1.36,1.54
Guyana,Data source,All types,5.87,5.83,5.73,5.68,5.84,8.65,8.75,8.47,7.36,6.82
Guyana,Data source,Beer,2.18,2.06,2.01,1.94,1.78,1.79,1.86,2.14,2.02,1.59
Guyana,Data source,Wine,0.3,0.37,0.31,0.32,0.31,0.31,0.29,0.22,0.18,0.16
Guyana,Data source,Spirits,3.37,3.37,3.39,3.39,3.71,6.52,6.57,6.09,5.13,5.04
Guyana,Data source,Other alcoholic beverages,0.03,0.03,0.03,0.03,0.03,0.03,0.03,0.03,0.03,0.03
Haiti,Data source,All types,3.53,3.49,3.44,3.51,3.49,3.58,3.56,3.65,3.62,3.63
Haiti,Data source,Beer,0.12,0.11,0.13,0.12,0.1,0.1,0.12,0.13,0.14,0.14
Haiti,Data source,Wine,0.06,0.05,0.05,0.05,0.04,0.04,0.04,0.04,0.04,0.04
Haiti,Data source,Spirits,3.34,3.32,3.26,3.34,3.34,3.43,3.4,3.48,3.44,3.45
Haiti,Data source,Other alcoholic beverages,0.01,0.01,0.01,0.01,0.01,0,0,0,0,0
Honduras,Data source,All types,2.76,2.85,2.94,3.03,3.02,2.83,2.87,2.92,2.61,2.47
Honduras,Data source,Beer,1.13,1.16,1.18,1.19,1.19,1.2,1.3,1.33,1.27,1.28
Honduras,Data source,Wine,0.02,0.03,0.03,0.02,0.02,0.02,0.02,0.02,0.02,0.02
Honduras,Data source,Spirits,1.61,1.66,1.73,1.8,1.8,1.62,1.54,1.57,1.33,1.18
Honduras,Data source,Other alcoholic beverages,0,0,0,0,0,0,0,0,0,0
Hungary,Data source,All types,11.52,11.75,12.54,13.25,12.95,13.28,13.24,13.28,13.18,12.23
Hungary,Data source,Beer,4.27,4.3,4.59,4.39,4.3,4.34,4.47,4.34,4.25,4.3
Hungary,Data source,Wine,3.19,3.27,3.87,4.54,4.51,4.66,4.6,4.88,4.86,4.08
Hungary,Data source,Spirits,4.06,4.18,4.07,4.32,4.14,4.27,4.17,4.06,4.07,3.85
Hungary,Data source,Other alcoholic beverages,0,0,0,0,0,0,0,0,0,0
Iceland,Data source,All types,7.24,7.19,7.53,7.2,7.05,6.71,6.52,6.53,6.32,6.14
Iceland,Data source,Beer,3.83,3.55,3.95,3.78,3.67,3.49,3.34,3.29,3.11,3.04
Iceland,Data source,Wine,1.94,2.12,2.04,1.97,1.95,1.83,1.71,1.59,1.48,1.34
Iceland,Data source,Spirits,1.47,1.52,1.54,1.45,1.43,1.39,1.47,1.65,1.73,1.76
Iceland,Data source,Other alcoholic beverages,0,0,0,0,0,0,0,0,0,0
India,Data source,All types,2.46,1.92,1.57,1.35,1.25,1.18,1.17,1.08,0.98,0.93
India,Data source,Beer,0.15,0.13,0.12,0.11,0.09,0.08,0.08,0.07,0.07,0.07
India,Data source,Wine,0,0,0,0,0,0,0,0,0,0
India,Data source,Spirits,2.32,1.78,1.44,1.24,1.16,1.1,1.1,1,0.92,0.86
India,Data source,Other alcoholic beverages,0,0,0,0,0,0,0,0,0,0
Indonesia,Data source,All types,0.07,0.07,0.06,0.06,0.06,0.05,0.05,0.05,0.06,0.06
Indonesia,Data source,Beer,0.06,0.06,0.06,0.06,0.05,0.05,0.05,0.05,0.06,0.06
Indonesia,Data source,Wine,0,0,0,0,0,0,0,0,0,0
Indonesia,Data source,Spirits,0.01,0.01,0,0,0,0,0,0,0,0
Indonesia,Data source,Other alcoholic beverages,0,0,0,0,0,0,0,0,0,0
Iran (Islamic Republic of),Data source,All types,0.03,0.03,0.02,0.02,0.01,0.01,0.01,0.01,0.01,0.01
Iran (Islamic Republic of),Data source,Beer,0,0,0,0,0,0,0,0,0,0
Iran (Islamic Republic of),Data source,Wine,0,0,0,0,0,0,0,0,0,0
Iran (Islamic Republic of),Data source,Spirits,0.03,0.02,0.02,0.02,0.01,0.01,0.01,0.01,0.01,0.01
Iran (Islamic Republic of),Data source,Other alcoholic beverages,0,0,0,0,0,0,0,0,0,0
Iraq,Data source,All types,0.2,0.17,0.15,0.03,0.18,0.33,0.08,0.17,0.19,0.22
Iraq,Data source,Beer,0.16,0.13,0.11,0,0.15,0.31,0.06,0.14,0.16,0.2
Iraq,Data source,Wine,0,0,0,0,0,0,0,0,0,0
Iraq,Data source,Spirits,0.04,0.04,0.03,0.03,0.03,0.02,0.02,0.02,0.02,0.02
Iraq,Data source,Other alcoholic beverages,0,0,0,0,0,0,0,0,0,0
Ireland,Data source,All types,10.93,12.18,13.17,13.12,13.06,13.11,13.04,13.95,14.04,13.84
Ireland,Data source,Beer,5.59,6.07,6.53,6.7,6.86,6.99,7.2,7.55,7.75,7.88
Ireland,Data source,Wine,2.47,2.7,2.84,2.7,2.58,2.53,2.26,2.14,1.93,1.76
Ireland,Data source,Spirits,1.93,2.4,2.64,2.52,2.45,2.44,2.43,3.1,3.01,2.97
Ireland,Data source,Other alcoholic beverages,0.94,1.01,1.16,1.19,1.17,1.15,1.15,1.16,1.34,1.23
Israel,Data source,All types,2.67,2.59,2.46,2.3,2.46,2.44,2.58,2.79,2.83,2.58
Israel,Data source,Beer,1.21,1.19,1.14,0.9,0.99,0.87,1.01,1.19,1.3,1.12
Israel,Data source,Wine,0.13,0.16,0.12,0.13,0.16,0.17,0.16,0.23,0.19,0.25
Israel,Data source,Spirits,1.27,1.19,1.15,1.21,1.27,1.34,1.36,1.32,1.29,1.16
Israel,Data source,Other alcoholic beverages,0.05,0.05,0.05,0.05,0.05,0.05,0.05,0.05,0.05,0.05
Italy,Data source,All types,7.25,7.96,8.37,8.44,8.65,8.98,9.3,9.25,9.68,9.78
Italy,Data source,Beer,1.63,1.71,1.81,1.76,1.73,1.72,1.75,1.64,1.68,1.64
Italy,Data source,Wine,4.79,5.42,5.72,5.7,5.85,6.19,6.47,6.54,6.93,7.06
Italy,Data source,Spirits,0.84,0.84,0.84,0.98,1.07,1.07,1.07,1.07,1.07,1.07
Italy,Data source,Other alcoholic beverages,0,0,0,0,0,0,0,0,0,0
Jamaica,Data source,All types,3.24,3.35,3.31,3.35,3.36,3.32,3.43,3.61,3.72,3.77
Jamaica,Data source,Beer,1.03,1.19,1.13,1.09,1.12,1.13,1.14,1.26,1.32,1.58
Jamaica,Data source,Wine,0.62,0.64,0.59,0.57,0.48,0.43,0.36,0.35,0.35,0.37
Jamaica,Data source,Spirits,1.45,1.36,1.44,1.54,1.6,1.59,1.77,1.83,1.89,1.65
Jamaica,Data source,Other alcoholic beverages,0.14,0.15,0.15,0.16,0.17,0.17,0.17,0.17,0.17,0.17
Japan,Data source,All types,6.98,7.06,7.28,7.48,7.98,7.69,7.82,7.86,8.01,7.96
Japan,Data source,Beer,1.38,1.47,1.63,1.66,1.72,1.74,1.81,1.97,2.21,2.5
Japan,Data source,Wine,0.25,0.25,0.24,0.26,0.29,0.31,0.27,0.28,0.28,0.29
Japan,Data source,Spirits,2.64,2.62,2.62,3.37,3.36,3.41,3.33,3.14,3.05,2.94
Japan,Data source,Other alcoholic beverages,2.7,2.72,2.79,2.18,2.61,2.22,2.41,2.47,2.48,2.23
Jordan,Data source,All types,0.56,0.58,0.56,0.55,0.51,0.5,0.5,0.51,0.52,0.47
Jordan,Data source,Beer,0.17,0.17,0.17,0.16,0.15,0.13,0.12,0.13,0.14,0.06
Jordan,Data source,Wine,0.02,0.03,0.03,0.02,0.02,0.02,0.02,0.02,0.02,0.02
Jordan,Data source,Spirits,0.35,0.37,0.36,0.35,0.33,0.34,0.36,0.36,0.36,0.38
Jordan,Data source,Other alcoholic beverages,0.01,0.01,0.01,0.01,0.01,0,0,0,0,0
Kazakhstan,Data source,All types,3.16,3.42,3.99,6.76,6.57,6.23,6.22,5.78,5.55,5.81
Kazakhstan,Data source,Beer,1.47,1.48,1.71,2.14,1.86,1.47,1.33,1.12,0.96,0.82
Kazakhstan,Data source,Wine,0.08,0.09,0.16,0.25,0.31,0.29,0.38,0.29,0.18,0.35
Kazakhstan,Data source,Spirits,1.61,1.84,2.11,4.37,4.39,4.47,4.51,4.37,4.42,4.64
Kazakhstan,Data source,Other alcoholic beverages,0,0,0,0,0,0,0,0,0,0
Kenya,Data source,All types,1.17,1.32,1.2,0.86,0.88,0.69,1.5,1.67,1.64,1.51
Kenya,Data source,Beer,1.04,1.06,0.95,0.82,0.85,0.65,0.56,0.67,0.68,0.65
Kenya,Data source,Wine,0.02,0.02,0.03,0.02,0.02,0.02,0.02,0.02,0.02,0.01
Kenya,Data source,Spirits,0.11,0.24,0.22,0.01,0.01,0.02,0.47,0.53,0.54,0.53
Kenya,Data source,Other alcoholic beverages,0.01,0.01,0.01,0,0,0,0.45,0.45,0.4,0.32
Kiribati,Data source,All types,0.54,0.46,0.55,0.69,0.61,0.49,0.44,0.51,0.71,0.56
Kiribati,Data source,Beer,0.49,0.44,0.51,0.65,0.56,0.43,0.4,0.45,0.42,0.39
Kiribati,Data source,Wine,0,0,0.01,0,0.02,0.02,0.02,0.02,0.12,0.12
Kiribati,Data source,Spirits,0.05,0.02,0.03,0.03,0.02,0.03,0.02,0.04,0.17,0.05
Kiribati,Data source,Other alcoholic beverages,0,0,0,0,0.01,0.01,0,0,0,0
Kuwait,Data source,All types,0.1,0.03,0.03,0.01,0.01,0.02,0.01,0.01,0.01,0.01
Kuwait,Data source,Beer,0.09,0.02,0.02,0,0,0,0,0,0,0
Kuwait,Data source,Wine,0,0,0,0,0,0.01,0,0,0,0
Kuwait,Data source,Spirits,0.01,0.01,0.01,0.01,0.01,0.01,0.01,0.01,0.01,0.01
Kuwait,Data source,Other alcoholic beverages,0,0,0,0,0,0,0,0,0,0
Kyrgyzstan,Data source,All types,5.98,7.29,6.98,6.78,6.52,6.65,6.35,5.84,5.7,5.33
Kyrgyzstan,Data source,Beer,0.48,1,0.76,0.65,0.65,0.7,0.54,0.36,0.32,0.26
Kyrgyzstan,Data source,Wine,0.07,0.08,0.08,0.08,0.08,0.1,0.14,0.14,0.14,0.06
Kyrgyzstan,Data source,Spirits,5.43,6.2,6.13,6.04,5.79,5.86,5.67,5.33,5.23,5
Kyrgyzstan,Data source,Other alcoholic beverages,0,0,0,0,0,0,0,0,0,0
Lao People's Democratic Republic,Data source,All types,5.25,5.15,5.03,3.71,3.69,3.54,3.43,3.35,3.14,5.19
Lao People's Democratic Republic,Data source,Beer,2.18,2.04,1.75,1.49,1.41,1.23,1.12,1.02,0.94,0.85
Lao People's Democratic Republic,Data source,Wine,0.01,0,0,0,0,0,0,0,0,0
Lao People's Democratic Republic,Data source,Spirits,3.07,3.11,3.28,2.21,2.28,2.32,2.31,2.33,2.19,4.34
Lao People's Democratic Republic,Data source,Other alcoholic beverages,0,0,0,0,0,0,0,0,0,0
Latvia,Data source,All types,9.85,11.84,12.12,10.4,9.92,8.81,8.24,7.44,6.68,7.13
Latvia,Data source,Beer,4.35,4.12,4.15,4.09,3.8,3.69,2.97,2.74,2.12,1.97
Latvia,Data source,Wine,1.03,1.13,1.18,1.06,0.94,0.95,1.78,1.5,1.38,1.6
Latvia,Data source,Spirits,3.94,5.8,5.91,4.48,4.57,3.74,3.33,3.04,3.04,3.45
Latvia,Data source,Other alcoholic beverages,0.53,0.79,0.88,0.78,0.6,0.43,0.16,0.16,0.14,0.11
Lebanon,Data source,All types,1.53,1.57,1.59,1.65,1.73,1.87,1.96,2.06,2.32,2.37
Lebanon,Data source,Beer,0.39,0.39,0.39,0.39,0.41,0.45,0.44,0.44,0.44,0.44
Lebanon,Data source,Wine,0.24,0.31,0.4,0.49,0.55,0.59,0.61,0.65,0.74,0.79
Lebanon,Data source,Spirits,0.88,0.85,0.79,0.76,0.75,0.82,0.89,0.96,1.11,1.12
Lebanon,Data source,Other alcoholic beverages,0.02,0.02,0.02,0.02,0.02,0.02,0.02,0.02,0.02,0.02
Lesotho,Data source,All types,2.92,2.91,2.85,2.77,1.94,1.78,1.97,2.93,2.85,3.09
Lesotho,Data source,Beer,1.3,1.32,1.27,1.21,1.24,1.29,1.35,1.46,1.56,1.53
Lesotho,Data source,Wine,0.01,0.01,0.01,0,0,0,0,0,0.04,0.04
Lesotho,Data source,Spirits,0.54,0.55,0.54,0.53,0.01,0,0,0.35,0.36,0.37
Lesotho,Data source,Other alcoholic beverages,1.07,1.03,1.03,1.03,0.69,0.49,0.62,1.12,0.89,1.15
Liberia,Data source,All types,3.76,3.9,4.05,4.06,4.2,4.25,4.23,4.29,4.42,4.47
Liberia,Data source,Beer,0.34,0.34,0.34,0.3,0.29,0.25,0.15,0.15,0.17,0.17
Liberia,Data source,Wine,0.01,0.01,0.01,0,0,0,0,0,0,0
Liberia,Data source,Spirits,3.41,3.55,3.69,3.76,3.9,4,4.08,4.14,4.25,4.3
Liberia,Data source,Other alcoholic beverages,0,0,0,0,0,0,0,0,0,0
Libya,Data source,All types,0.01,0.01,0.01,0.01,0.01,0.01,0.01,0,0,0.01
Libya,Data source,Beer,0.01,0,0,0.01,0,0,0,0,0,0
Libya,Data source,Wine,0,0,0,0,0,0,0,0,0,0
Libya,Data source,Spirits,0.01,0.01,0,0,0,0.01,0.01,0,0,0.01
Libya,Data source,Other alcoholic beverages,0,0,0,0,0,0,0,0,0,0
Lithuania,Data source,All types,12.97,13.79,13.79,13.34,12.42,12.1,11.29,11,10.2,9.87
Lithuania,Data source,Beer,4.96,4.93,5.04,5.42,5.19,4.62,4.58,4.66,4,3.78
Lithuania,Data source,Wine,1.06,0.99,1.03,1.98,1.63,2.37,2.24,2.06,1.89,2.1
Lithuania,Data source,Spirits,5,5.78,5.76,4.92,4.66,4.31,3.71,3.59,3.67,3.3
Lithuania,Data source,Other alcoholic beverages,1.96,2.08,1.96,1.01,0.94,0.79,0.76,0.69,0.64,0.69
Luxembourg,Data source,All types,11.98,11.99,12.27,12.5,12.31,12.34,12.52,12.88,13.1,13.21
Luxembourg,Data source,Beer,4.3,4.27,4.41,4.57,4.47,4.27,4.36,4.46,4.54,4.74
Luxembourg,Data source,Wine,5.26,5.28,5.42,5.44,5.39,5.5,5.66,5.83,5.92,5.86
Luxembourg,Data source,Spirits,2.43,2.44,2.44,2.49,2.45,2.58,2.5,2.59,2.65,2.61
Luxembourg,Data source,Other alcoholic beverages,0,0,0,0,0,0,0,0,0,0
Madagascar,Data source,All types,0.83,0.61,0.64,0.59,0.74,0.8,0.83,0.8,1.05,1.17
Madagascar,Data source,Beer,0.4,0.37,0.38,0.34,0.34,0.36,0.38,0.28,0.41,0.39
Madagascar,Data source,Wine,0.1,0.1,0.1,0.08,0.07,0.12,0.12,0.12,0.12,0.13
Madagascar,Data source,Spirits,0.34,0.14,0.16,0.17,0.33,0.32,0.33,0.4,0.52,0.64
Madagascar,Data source,Other alcoholic beverages,0,0,0,0,0,0,0,0,0,0
Malawi,Data source,All types,1.73,1.9,1.93,1.94,1.45,1.25,1.22,1.25,1.3,1.36
Malawi,Data source,Beer,0.15,0.14,0.14,0.14,0.14,0.14,0.15,0.15,0.15,0.16
Malawi,Data source,Wine,0.02,0.15,0,0.01,0.01,0.01,0.02,0.01,0.01,0.01
Malawi,Data source,Spirits,0.2,0.15,0.19,0.22,0.22,0.28,0.24,0.25,0.28,0.29
Malawi,Data source,Other alcoholic beverages,1.36,1.45,1.6,1.58,1.08,0.81,0.81,0.83,0.86,0.9
Malaysia,Data source,All types,0.5,0.5,0.46,0.45,0.49,0.51,0.51,0.52,0.52,0.56
Malaysia,Data source,Beer,0.37,0.38,0.34,0.34,0.38,0.41,0.41,0.41,0.42,0.45
Malaysia,Data source,Wine,0.03,0.03,0.03,0.02,0.02,0.02,0.02,0.02,0.02,0.02
Malaysia,Data source,Spirits,0.09,0.09,0.08,0.08,0.08,0.07,0.08,0.08,0.08,0.08
Malaysia,Data source,Other alcoholic beverages,0.01,0.01,0.01,0.01,0.01,0.01,0.01,0.01,0.01,0.01
Maldives,Data source,All types,1.41,1.52,1.51,1.41,1.23,1.67,1.95,1.82,1.74,1.99
Maldives,Data source,Beer,0.39,0.46,0.49,0.47,0.36,0.51,0.44,0.39,0.42,0.48
Maldives,Data source,Wine,0.31,0.35,0.35,0.28,0.29,0.35,0.33,0.18,0.15,0.15
Maldives,Data source,Spirits,0.71,0.71,0.67,0.65,0.58,0.82,1.18,1.24,1.17,1.37
Maldives,Data source,Other alcoholic beverages,0,0,0,0,0,0,0,0,0,0
Mali,Data source,All types,0.57,0.58,0.56,0.55,0.55,0.55,0.56,0.61,0.6,0.58
Mali,Data source,Beer,0.07,0.07,0.07,0.06,0.06,0.06,0.06,0.06,0.06,0.06
Mali,Data source,Wine,0,0,0,0,0,0,0.01,0.05,0.02,0.02
Mali,Data source,Spirits,0.01,0.02,0.01,0.01,0,0.01,0.01,0.01,0.01,0
Mali,Data source,Other alcoholic beverages,0.48,0.49,0.48,0.48,0.48,0.48,0.49,0.49,0.51,0.49
Malta,Data source,All types,7.1,6.87,7.47,8.25,6.14,6.61,6.54,6.12,5.99,5.94
Malta,Data source,Beer,2.77,2.77,2.77,2.2,1.75,1.9,1.88,2.67,2.77,2.88
Malta,Data source,Wine,2.5,2.27,2.8,4.16,2.54,2.54,2.54,1.31,1.13,0.94
Malta,Data source,Spirits,1.52,1.51,1.58,1.56,1.54,1.85,1.81,1.83,1.78,1.81
Malta,Data source,Other alcoholic beverages,0.31,0.32,0.33,0.33,0.31,0.31,0.31,0.31,0.31,0.31
Mauritania,Data source,All types,0,0.02,0.02,0.01,0.01,0.01,0,0.01,0.01,0.03
Mauritania,Data source,Beer,0,0,0,0,0,0,0,0,0,0
Mauritania,Data source,Wine,0,0,0,0,0,0,0,0,0,0.01
Mauritania,Data source,Spirits,0,0.01,0.02,0.01,0.01,0.01,0,0.01,0.01,0.02
Mauritania,Data source,Other alcoholic beverages,0,0,0,0,0,0,0,0,0,0
Mauritius,Data source,All types,2.8,2.47,3.23,3.72,3.83,4.1,4.02,3.91,4.31,4.58
Mauritius,Data source,Beer,1.98,1.56,1.79,1.81,1.96,1.99,2,1.92,2.15,2.21
Mauritius,Data source,Wine,0.24,0.33,0.3,0.28,0.2,0.22,0.22,0.2,0.2,0.27
Mauritius,Data source,Spirits,0.58,0.56,1.12,1.61,1.66,1.88,1.8,1.79,1.96,2.1
Mauritius,Data source,Other alcoholic beverages,0.01,0.01,0.02,0.01,0.01,0.02,0,0,0,0
Mexico,Data source,All types,4.37,4.27,4.24,5.2,5.03,5,5.01,4.92,5.02,5.16
Mexico,Data source,Beer,3.83,3.68,3.76,4.01,3.89,3.8,3.77,3.69,3.74,3.76
Mexico,Data source,Wine,0.19,0.21,0.2,0.09,0.09,0.11,0.11,0.09,0.09,0.09
Mexico,Data source,Spirits,0.26,0.28,0.23,1.05,1,1.05,1.08,1.1,1.15,1.26
Mexico,Data source,Other alcoholic beverages,0.09,0.1,0.05,0.05,0.05,0.05,0.05,0.05,0.05,0.05
Micronesia (Federated States of),Data source,All types,2.05,1.97,1.63,1.73,1.9,2.03,3.16,2.79,2.83,2.23
Micronesia (Federated States of),Data source,Beer,1.18,1.02,0.72,0.71,1.49,1.69,3.05,2.69,2.75,2.14
Micronesia (Federated States of),Data source,Wine,0.03,0.18,0.14,0.09,0.16,0.19,0.04,0.04,0.02,0.01
Micronesia (Federated States of),Data source,Spirits,0.85,0.76,0.77,0.94,0.25,0.14,0.06,0.07,0.07,0.07
Micronesia (Federated States of),Data source,Other alcoholic beverages,0,0,0,0,0,0,0,0,0,0
Mongolia,Data source,All types,6.56,8.92,9.12,4.59,5.17,1.7,1.67,2.41,2.18,2.15
Mongolia,Data source,Beer,1.11,1.05,0.94,0.41,0.38,0.54,0.55,0.53,0.55,0.67
Mongolia,Data source,Wine,1.07,0.97,0.8,0.71,0.54,0.64,0.64,0.7,0.65,0.51
Mongolia,Data source,Spirits,4.38,6.9,7.38,3.47,4.25,0.52,0.48,1.19,0.99,0.97
Mongolia,Data source,Other alcoholic beverages,0,0,0,0,0,0,0,0,0,0
Montenegro,Data source,All types,10.17,10.89,9.68,10.38,,,,,,
Montenegro,Data source,Beer,4.47,5.46,5.26,5.11,,,,,,
Montenegro,Data source,Wine,3.22,2.92,1.96,2.87,,,,,,
Montenegro,Data source,Spirits,2.31,2.29,2.25,2.2,,,,,,
Montenegro,Data source,Other alcoholic beverages,0.18,0.23,0.22,0.21,,,,,,
Morocco,Data source,All types,0.53,0.5,0.48,0.48,0.46,0.47,0.48,0.46,0.45,0.45
Morocco,Data source,Beer,0.23,0.24,0.22,0.22,0.23,0.22,0.22,0.24,0.23,0.21
Morocco,Data source,Wine,0.2,0.17,0.18,0.19,0.17,0.19,0.2,0.18,0.18,0.19
Morocco,Data source,Spirits,0.1,0.09,0.08,0.07,0.06,0.06,0.06,0.05,0.05,0.04
Morocco,Data source,Other alcoholic beverages,0,0,0,0,0,0,0,0,0,0
Mozambique,Data source,All types,0.69,0.74,0.69,0.59,0.6,0.59,0.6,0.66,0.65,0.65
Mozambique,Data source,Beer,0.57,0.59,0.55,0.51,0.52,0.5,0.46,0.44,0.52,0.54
Mozambique,Data source,Wine,0.07,0.08,0.09,0.08,0.07,0.07,0.06,0.13,0.07,0.07
Mozambique,Data source,Spirits,0.05,0.06,0.04,0,0,0.02,0.02,0.02,0.02,0.02
Mozambique,Data source,Other alcoholic beverages,0,0,0,0,0,0,0.06,0.07,0.05,0.03
Myanmar,Data source,All types,0.88,0.79,0.75,0.67,0.63,0.64,0.61,0.14,0.12,0.12
Myanmar,Data source,Beer,0.14,0.13,0.12,0.12,0.13,0.13,0.13,0.13,0.11,0.1
Myanmar,Data source,Wine,0,0,0,0,0,0,0,0,0,0
Myanmar,Data source,Spirits,0.74,0.66,0.62,0.55,0.5,0.5,0.48,0.01,0.01,0.01
Myanmar,Data source,Other alcoholic beverages,0,0,0,0,0,0,0,0,0,0
Namibia,Data source,All types,1.35,1.01,1.9,1.87,1.97,1.89,2.29,1.99,2.29,2.65
Namibia,Data source,Beer,1.11,0.77,0.64,0.6,0.6,0.52,0.55,0.73,0.86,0.75
Namibia,Data source,Wine,0.02,0.03,0.28,0.23,0.11,0.12,0.67,0.29,0.52,0.88
Namibia,Data source,Spirits,0.07,0.04,0.79,0.8,0.98,0.99,0.82,0.75,0.69,0.8
Namibia,Data source,Other alcoholic beverages,0.15,0.16,0.2,0.24,0.29,0.25,0.25,0.21,0.22,0.22
Nauru,Data source,All types,1.84,2.33,2.04,2.01,1.82,2.52,2.32,2.93,2.88,5.52
Nauru,Data source,Beer,1.69,1.69,1.69,1.68,1.68,1.69,1.7,1.71,2.88,4.18
Nauru,Data source,Wine,0.04,0.04,0.05,0.04,0.02,0.12,0.09,0.14,0,0
Nauru,Data source,Spirits,0.12,0.6,0.3,0.3,0.12,0.71,0.54,1.08,0,1.34
Nauru,Data source,Other alcoholic beverages,0,0,0,0,0,0,0,0,0,0
Nepal,Data source,All types,0.22,0.2,0.2,0.19,0.22,0.23,0.2,0.19,0.09,0.08
Nepal,Data source,Beer,0.09,0.08,0.08,0.07,0.08,0.08,0.08,0.08,0.08,0.07
Nepal,Data source,Wine,0,0,0,0,0,0,0,0,0,0
Nepal,Data source,Spirits,0.12,0.12,0.12,0.12,0.14,0.14,0.11,0.11,0.01,0.01
Nepal,Data source,Other alcoholic beverages,0,0,0,0,0,0,0,0,0,0
Netherlands,Data source,All types,9.12,9.51,9.45,9.58,9.5,9.57,9.48,9.72,9.82,10.13
Netherlands,Data source,Beer,4.42,4.79,4.71,4.86,4.79,4.86,4.88,4.89,4.94,5.08
Netherlands,Data source,Wine,3.16,3.15,3.16,3.16,3.13,3.03,2.76,2.79,2.78,2.77
Netherlands,Data source,Spirits,1.54,1.57,1.58,1.57,1.58,1.68,1.84,2.03,2.1,2.28
Netherlands,Data source,Other alcoholic beverages,0,0,0,0,0,0,0,0,0,0
New Zealand,Data source,All types,9.24,9.48,9.2,9.36,9.32,9.17,8.92,9.09,8.69,8.83
New Zealand,Data source,Beer,3.78,4.03,3.94,3.95,4.1,4.11,4.17,4.24,4.17,4.22
New Zealand,Data source,Wine,3.04,3.04,3,3.1,2.99,2.85,2.73,2.74,2.51,2.57
New Zealand,Data source,Spirits,1.29,1.3,1.17,1.34,1.37,1.45,1.26,1.34,1.29,1.37
New Zealand,Data source,Other alcoholic beverages,1.14,1.11,1.08,0.96,0.86,0.76,0.76,0.78,0.72,0.68
Nicaragua,Data source,All types,3.32,3.59,3.77,3.64,3.65,3.75,3.72,3.46,3.48,3.58
Nicaragua,Data source,Beer,1.3,1.36,1.28,1.17,1.12,1.07,1.08,1.03,1.04,1.04
Nicaragua,Data source,Wine,0.02,0.02,0.02,0.02,0.02,0.01,0.01,0.01,0.01,0.01
Nicaragua,Data source,Spirits,2,2.21,2.46,2.46,2.51,2.67,2.63,2.42,2.43,2.52
Nicaragua,Data source,Other alcoholic beverages,0,0,0,0,0,0,0,0,0,0
Niger,Data source,All types,0.1,0.11,0.1,0.1,0.1,0.1,0.1,0.09,0.09,0.09
Niger,Data source,Beer,0.05,0.05,0.05,0.05,0.05,0.05,0.05,0.05,0.06,0.06
Niger,Data source,Wine,0.01,0.01,0.01,0.01,0.02,0.01,0.01,0.01,0.01,0.01
Niger,Data source,Spirits,0.04,0.04,0.04,0.04,0.03,0.04,0.03,0.03,0.02,0.02
Niger,Data source,Other alcoholic beverages,0,0,0,0,0,0,0,0,0,0
Nigeria,Data source,All types,10.58,10.79,11.04,11.18,11.24,11.33,11.33,11.09,11.17,11.47
Nigeria,Data source,Beer,0.66,0.65,0.65,0.6,0.55,0.52,0.53,0.45,0.45,0.42
Nigeria,Data source,Wine,0.03,0.06,0.04,0.01,0.01,0.01,0.01,0,0.01,0
Nigeria,Data source,Spirits,0.03,0.03,0.06,0.02,0.02,0.01,0.02,0,0.02,0
Nigeria,Data source,Other alcoholic beverages,9.86,10.05,10.3,10.54,10.67,10.78,10.78,10.63,10.69,11.04
Niue,Data source,All types,6.59,9.38,4.68,6.75,6.02,8.11,8.25,5.02,9.35,7.63
Niue,Data source,Beer,2.8,2.99,1.9,3.62,3.06,4.93,2.23,1.29,2.1,4.13
Niue,Data source,Wine,0.55,3.14,0.24,0.24,0.09,1.41,0.09,0.96,0.2,0.2
Niue,Data source,Spirits,3.25,3.26,2.53,2.89,2.88,1.78,5.94,2.76,7.05,3.3
Niue,Data source,Other alcoholic beverages,0,0,0,0,0,0,0,0,0,0
Norway,Data source,All types,6.68,6.75,6.6,6.47,6.37,6.22,6.04,5.89,5.49,5.67
Norway,Data source,Beer,2.96,3.06,3.02,3.01,2.98,2.96,2.76,2.89,2.82,2.93
Norway,Data source,Wine,2.28,2.23,2.11,2.05,2,1.9,1.84,1.81,1.6,1.62
Norway,Data source,Spirits,1.31,1.33,1.35,1.3,1.28,1.25,1.22,1.12,1,1.05
Norway,Data source,Other alcoholic beverages,0.13,0.13,0.12,0.11,0.11,0.11,0.22,0.07,0.07,0.07
Oman,Data source,All types,0.5,0.51,0.52,0.54,0.6,0.59,0.55,0.53,0.54,0.38
Oman,Data source,Beer,0.2,0.21,0.2,0.21,0.21,0.21,0.2,0.23,0.27,0.13
Oman,Data source,Wine,0.02,0.01,0.01,0.01,0.01,0.01,0.01,0.01,0.01,0.01
Oman,Data source,Spirits,0.27,0.29,0.3,0.32,0.39,0.38,0.34,0.28,0.26,0.24
Oman,Data source,Other alcoholic beverages,0,0,0,0,0,0,0,0,0,0
Pakistan,Data source,All types,0.04,0.04,0.03,0.03,0.04,0.01,0.01,0.01,0.01,0.01
Pakistan,Data source,Beer,0,0,0,0,0,0,0,0,0,0
Pakistan,Data source,Wine,0,0,0,0,0,0,0,0,0,0
Pakistan,Data source,Spirits,0.03,0.03,0.03,0.03,0.03,0,0,0,0,0
Pakistan,Data source,Other alcoholic beverages,0,0,0,0,0.01,0.01,0.01,0.01,0.01,0.01
Panama,Data source,All types,6.14,6,5.46,5.07,4.9,4.97,4.92,4.94,4.9,5.08
Panama,Data source,Beer,4.04,3.86,3.48,3.15,2.93,2.94,2.78,2.76,2.81,2.91
Panama,Data source,Wine,0.23,0.24,0.21,0.18,0.17,0.16,0.14,0.13,0.13,0.12
Panama,Data source,Spirits,1.86,1.89,1.76,1.73,1.78,1.86,1.99,2.04,1.95,2.04
Panama,Data source,Other alcoholic beverages,0.01,0.01,0.01,0.01,0.01,0.01,0.01,0.01,0.01,0.01
Papua New Guinea,Data source,All types,0.78,0.77,0.67,0.61,0.8,0.55,0.56,0.58,0.65,0.67
Papua New Guinea,Data source,Beer,0.75,0.72,0.64,0.58,0.77,0.53,0.54,0.56,0.6,0.55
Papua New Guinea,Data source,Wine,0.02,0.02,0.01,0.02,0.02,0.01,0.01,0.01,0.01,0.01
Papua New Guinea,Data source,Spirits,0.01,0.03,0.02,0.02,0.01,0.01,0.01,0,0.04,0.1
Papua New Guinea,Data source,Other alcoholic beverages,0,0,0,0,0,0,0,0,0,0
Paraguay,Data source,All types,6.06,6.89,6.03,5.92,5.51,5.17,4.49,4.81,5.49,5.64
Paraguay,Data source,Beer,3.27,3.55,2.98,3,2.84,2.63,2.27,2.66,3.08,2.98
Paraguay,Data source,Wine,1.22,1.69,1.27,1.19,0.94,0.83,0.52,0.44,0.62,0.92
Paraguay,Data source,Spirits,1.53,1.61,1.74,1.7,1.7,1.68,1.68,1.67,1.75,1.7
Paraguay,Data source,Other alcoholic beverages,0.03,0.03,0.03,0.03,0.03,0.03,0.03,0.03,0.03,0.03
Peru,Data source,All types,5.04,4.95,4.51,4.48,4.65,4.54,4.59,3.93,4.09,4.76
Peru,Data source,Beer,3.07,2.85,2.6,2.33,2.14,1.91,1.77,1.65,1.58,1.85
Peru,Data source,Wine,0.35,0.43,0.42,0.42,0.41,0.35,0.35,0.32,0.3,0.23
Peru,Data source,Spirits,1.62,1.66,1.49,1.72,2.1,2.27,2.46,1.95,2.21,2.67
Peru,Data source,Other alcoholic beverages,0.01,0.01,0.01,0.01,0.01,0.01,0.01,0.01,0.01,0.01
Philippines,Data source,All types,4.34,4.15,4.14,4.05,4.19,4.42,4.42,4.39,4.53,4.72
Philippines,Data source,Beer,1.21,1.22,1.18,1.14,1.29,1.35,1.2,1.1,1.12,1.18
Philippines,Data source,Wine,0.02,0.02,0.01,0.01,0.01,0.01,0.01,0.01,0.01,0.01
Philippines,Data source,Spirits,3.08,2.9,2.94,2.9,2.89,3.06,3.21,3.28,3.4,3.52
Philippines,Data source,Other alcoholic beverages,0.03,0.01,0,0,0,0,0,0,0,0
Poland,Data source,All types,10.17,10.8,10.39,9.74,9.07,9.19,9.06,8.02,7.74,8.4
Poland,Data source,Beer,5.39,5.59,5.55,5.21,4.84,4.66,4.51,4.31,4.08,4.14
Poland,Data source,Wine,0.99,1.18,1.27,1.3,1.24,1.53,1.64,1.64,1.56,1.78
Poland,Data source,Spirits,3.78,4.03,3.57,3.22,3,3.01,2.9,2.07,2.09,2.48
Poland,Data source,Other alcoholic beverages,0,0,0,0,0,0,0,0,0,0
Portugal,Data source,All types,11.5,11.47,11.54,11.81,11.97,12.26,12.22,12.5,12.63,12.77
Portugal,Data source,Beer,3.04,3.1,3.16,3.21,3.27,3.32,3.22,3.22,3.28,3.45
Portugal,Data source,Wine,6.46,6.14,5.99,6.26,6.37,6.43,6.49,6.44,6.51,6.52
Portugal,Data source,Spirits,1.63,1.85,2.01,2.01,2.01,2.13,2.13,2.46,2.46,2.41
Portugal,Data source,Other alcoholic beverages,0.38,0.38,0.38,0.33,0.33,0.38,0.38,0.38,0.38,0.38
Qatar,Data source,All types,1.09,1.15,1.16,1.13,1.08,1,0.92,0.83,0.75,0.55
Qatar,Data source,Beer,0.33,0.34,0.36,0.38,0.33,0.25,0.23,0.19,0.13,0.09
Qatar,Data source,Wine,0.1,0.1,0.1,0.1,0.09,0.09,0.08,0.07,0.06,0.06
Qatar,Data source,Spirits,0.65,0.71,0.69,0.65,0.66,0.66,0.62,0.57,0.56,0.41
Qatar,Data source,Other alcoholic beverages,0.01,0.01,0.01,0.01,0.01,0,0,0,0,0
Republic of Korea,Data source,All types,8.97,9.31,9.05,8.83,9.03,9.18,9.66,9.55,11.45,10.33
Republic of Korea,Data source,Beer,2.37,2.43,2.34,2.22,1.89,2.25,2.28,2.37,2.33,2.19
Republic of Korea,Data source,Wine,0.14,0.18,0.19,0.14,0.12,0.06,0.06,0.04,0.03,0.03
Republic of Korea,Data source,Spirits,0.27,0.33,0.37,0.33,0.34,0.94,0.68,0.67,0.87,0.72
Republic of Korea,Data source,Other alcoholic beverages,6.19,6.37,6.15,6.14,6.68,5.93,6.64,6.46,8.22,7.39
Republic of Moldova,Data source,All types,6.24,7.72,7.81,7.94,11.81,7.61,6.27,5.84,6.34,6.76
Republic of Moldova,Data source,Beer,1.6,1.96,1.92,1.68,1.45,1.27,1,0.82,0.62,0.47
Republic of Moldova,Data source,Wine,2.68,3.07,2.91,2.2,5.11,0.76,0.74,0.76,1.58,2.16
Republic of Moldova,Data source,Spirits,1.55,2.15,2.55,3.27,3.34,4.94,3.89,3.64,3.51,3.5
Republic of Moldova,Data source,Other alcoholic beverages,0.41,0.54,0.44,0.79,1.91,0.63,0.63,0.63,0.63,0.63
Republic of North Macedonia,Data source,All types,3.67,4.02,3.84,3.79,4.24,4.98,5.18,4.67,4.4,4.49
Republic of North Macedonia,Data source,Beer,1.7,2.04,2.02,1.98,1.98,2.03,2.03,1.97,1.96,2.12
Republic of North Macedonia,Data source,Wine,1.07,1.07,0.86,0.86,1.46,1.48,1.66,1.19,0.89,0.76
Republic of North Macedonia,Data source,Spirits,0.87,0.89,0.93,0.92,0.78,1.45,1.47,1.48,1.53,1.6
Republic of North Macedonia,Data source,Other alcoholic beverages,0.02,0.02,0.02,0.02,0.02,0.02,0.02,0.02,0.02,0.02
Romania,Data source,All types,11.01,12.38,11.06,9.89,9.63,11.77,11.55,13.15,12.07,9
Romania,Data source,Beer,5.19,5.74,5.62,4.64,4.08,4.25,3.65,3.4,3.32,3.38
Romania,Data source,Wine,3.33,3.67,3.43,3,2.34,4.3,3.34,3.93,3.74,3.42
Romania,Data source,Spirits,2.49,2.96,2.01,2.25,3.21,3.23,4.57,5.82,5.01,2.21
Romania,Data source,Other alcoholic beverages,0,0,0,0,0,0,0,0,0,0
Russian Federation,Data source,All types,11.25,12.09,12.24,11.83,11.59,11.5,11.32,10.87,10.47,10.21
Russian Federation,Data source,Beer,4.2,4.66,4.72,4.11,3.66,3.47,3.1,2.92,2.63,2.19
Russian Federation,Data source,Wine,1.26,1.27,1.17,1,1.03,0.95,0.9,0.8,0.75,0.71
Russian Federation,Data source,Spirits,5.79,6.16,6.34,6.72,6.9,7.09,7.32,7.15,7.09,7.31
Russian Federation,Data source,Other alcoholic beverages,0,0,0,0,0,0,0,0,0,0
Rwanda,Data source,All types,7.3,7.51,7.84,8.79,9.25,7.83,8.65,9.16,9.27,8.71
Rwanda,Data source,Beer,0.71,0.57,0.65,0.63,0.54,0.46,0.45,0.58,0.54,0.58
Rwanda,Data source,Wine,0,0,0,0,0,0,0,0,0,0
Rwanda,Data source,Spirits,0.03,0.03,0.03,0.02,0,0,0,0,0,0
Rwanda,Data source,Other alcoholic beverages,6.55,6.91,7.16,8.15,8.71,7.38,8.2,8.57,8.73,8.12
Saint Kitts and Nevis,Data source,All types,9.92,10.53,10.97,11.81,11.1,9.87,9.27,8.95,9.28,8.82
Saint Kitts and Nevis,Data source,Beer,3.58,3.76,3.92,4,3.88,3.42,3.17,3.11,3.56,3.63
Saint Kitts and Nevis,Data source,Wine,1.23,1.28,1.26,1.24,1.21,1.14,0.88,0.89,1.05,1
Saint Kitts and Nevis,Data source,Spirits,4.87,5.23,5.53,6.31,5.78,5.28,5.18,4.91,4.62,4.15
Saint Kitts and Nevis,Data source,Other alcoholic beverages,0.24,0.26,0.26,0.25,0.23,0.04,0.04,0.04,0.04,0.04
Saint Lucia,Data source,All types,11.06,12.05,12.59,13.02,12.87,12.58,13.78,13.15,12.92,12.8
Saint Lucia,Data source,Beer,3.29,3.49,3.86,3.82,3.57,3.39,3.36,3.11,3.22,3.22
Saint Lucia,Data source,Wine,1.17,1.25,1.28,1.27,1.28,1.32,1.32,1.29,1.3,1.45
Saint Lucia,Data source,Spirits,5.9,6.45,6.56,7.07,7.16,7.03,8.28,7.91,7.56,7.3
Saint Lucia,Data source,Other alcoholic beverages,0.71,0.85,0.89,0.86,0.86,0.83,0.83,0.83,0.83,0.83
Saint Vincent and the Grenadines,Data source,All types,6.98,7.17,6.2,6.22,6.37,5.77,5.47,5.21,5.07,5.13
Saint Vincent and the Grenadines,Data source,Beer,2.29,2.37,2.47,2.59,2.43,2.03,1.84,1.92,1.97,1.96
Saint Vincent and the Grenadines,Data source,Wine,0.55,0.57,0.6,0.56,0.52,0.49,0.45,0.46,0.42,0.41
Saint Vincent and the Grenadines,Data source,Spirits,4,4.1,3,2.95,3.32,3.15,3.13,2.82,2.67,2.75
Saint Vincent and the Grenadines,Data source,Other alcoholic beverages,0.14,0.13,0.12,0.12,0.1,0.1,0.05,0.01,0.01,0.01
Samoa,Data source,All types,2.88,3.97,3.85,3.52,3.63,3.62,4.16,3.29,3.42,3
Samoa,Data source,Beer,2.55,3.65,3.6,3.37,3.31,3.3,3.7,3.03,3.25,2.85
Samoa,Data source,Wine,0.06,0.05,0.09,0.09,0.08,0.06,0.06,0.05,0.02,0.03
Samoa,Data source,Spirits,0.26,0.27,0.17,0.07,0.24,0.26,0.4,0.22,0.15,0.12
Samoa,Data source,Other alcoholic beverages,0,0,0,0,0,0,0,0,0,0
Sao Tome and Principe,Data source,All types,4.34,4.56,4.32,5.68,5.5,5.92,6.7,5.93,5.1,5.07
Sao Tome and Principe,Data source,Beer,0.94,0.99,0.99,1.05,1.12,1.12,1.14,1.16,1.15,1.17
Sao Tome and Principe,Data source,Wine,2.79,2.83,2.71,4.02,3.55,4.05,4.79,4.05,3.06,3.26
Sao Tome and Principe,Data source,Spirits,0.6,0.74,0.62,0.61,0.83,0.75,0.77,0.72,0.89,0.64
Sao Tome and Principe,Data source,Other alcoholic beverages,0,0,0,0,0,0,0,0,0,0
Saudi Arabia,Data source,All types,0.09,0.08,0.09,0.08,0.05,0.06,0.06,0.06,0.05,0.05
Saudi Arabia,Data source,Beer,0,0,0,0,0,0,0,0,0,0
Saudi Arabia,Data source,Wine,0,0,0,0,0,0,0,0,0,0
Saudi Arabia,Data source,Spirits,0.09,0.08,0.09,0.08,0.05,0.06,0.05,0.05,0.05,0.05
Saudi Arabia,Data source,Other alcoholic beverages,0,0,0,0,0,0,0,0,0,0
Senegal,Data source,All types,0.31,0.36,0.34,0.37,0.34,0.36,0.19,0.22,0.24,0.24
Senegal,Data source,Beer,0.15,0.18,0.17,0.16,0.16,0.16,0.13,0.14,0.16,0.16
Senegal,Data source,Wine,0.13,0.15,0.13,0.16,0.13,0.17,0.03,0.04,0.04,0.04
Senegal,Data source,Spirits,0.03,0.03,0.03,0.05,0.04,0.04,0.03,0.04,0.04,0.04
Senegal,Data source,Other alcoholic beverages,0,0,0,0,0,0,0,0,0,0
Serbia,Data source,All types,9.78,9.59,9.42,8.82,,,,,,
Serbia,Data source,Beer,3.25,3.74,3.89,3.93,,,,,,
Serbia,Data source,Wine,4.01,3.34,3.01,2.36,,,,,,
Serbia,Data source,Spirits,2.29,2.29,2.29,2.32,,,,,,
Serbia,Data source,Other alcoholic beverages,0.23,0.23,0.22,0.22,,,,,,
Seychelles,Data source,All types,5.2,6.68,7.25,6.43,6.6,6.56,7.35,8.13,6.84,8.33
Seychelles,Data source,Beer,2.72,4.49,4.76,4.52,5.1,4.99,5.75,6.32,6.02,6.21
Seychelles,Data source,Wine,1.5,1.31,1.01,1.06,0.63,0.57,0.8,0.9,0.41,1.06
Seychelles,Data source,Spirits,0.89,0.81,1.38,0.8,0.82,0.95,0.8,0.9,0.41,1.06
Seychelles,Data source,Other alcoholic beverages,0.1,0.07,0.1,0.06,0.05,0.05,0,0,0,0
Sierra Leone,Data source,All types,3.98,3.83,3.67,3.68,3.65,3.81,3.87,3.9,3.98,3.75
Sierra Leone,Data source,Beer,0.18,0.17,0.13,0.14,0.13,0.13,0.13,0.13,0.13,0.12
Sierra Leone,Data source,Wine,0.34,0.22,0.09,0.15,0.09,0.09,0.06,0.11,0.04,0.04
Sierra Leone,Data source,Spirits,0.05,0.01,0.01,0.01,0.02,0.03,0.03,0.02,0,0.03
Sierra Leone,Data source,Other alcoholic beverages,3.41,3.42,3.44,3.38,3.42,3.56,3.65,3.64,3.81,3.56
Singapore,Data source,All types,1.73,1.69,1.59,1.55,1.49,1.44,1.43,2.16,2.08,2.02
Singapore,Data source,Beer,1.22,1.22,1.13,1.14,1.1,1.07,1.06,1.47,1.34,1.29
Singapore,Data source,Wine,0.23,0.23,0.22,0.2,0.18,0.17,0.15,0.2,0.13,0.12
Singapore,Data source,Spirits,0.25,0.22,0.22,0.19,0.18,0.17,0.17,0.49,0.61,0.61
Singapore,Data source,Other alcoholic beverages,0.03,0.03,0.03,0.03,0.03,0.03,0.04,0,0,0
Slovakia,Data source,All types,11.13,11.87,10.96,10.89,11.06,10.52,10.23,11.16,11.12,11.33
Slovakia,Data source,Beer,3.91,3.8,3.93,3.83,3.85,3.99,4.38,4.54,4.32,4.48
Slovakia,Data source,Wine,2.13,2.02,1.79,2.15,1.56,1.81,1.83,1.96,1.85,1.74
Slovakia,Data source,Spirits,4.62,5.58,4.89,4.31,5.41,4.23,3.65,4.29,4.57,4.86
Slovakia,Data source,Other alcoholic beverages,0.47,0.47,0.36,0.6,0.24,0.48,0.37,0.37,0.37,0.25
Slovenia,Data source,All types,10.52,10.94,11.02,12.26,11.19,10.01,11.55,9.87,11.58,12.8
Slovenia,Data source,Beer,5.09,5.16,5.7,5.7,4.7,4.51,4.51,4.32,4.65,5.13
Slovenia,Data source,Wine,4.55,4.58,4.08,5.43,5.22,4.18,5.46,3.86,5.07,5.82
Slovenia,Data source,Spirits,0.88,1.2,1.24,1.13,1.09,1.11,1.58,1.69,1.87,1.84
Slovenia,Data source,Other alcoholic beverages,0,0,0,0,0.19,0.2,0,0,0,0.01
Solomon Islands,Data source,All types,1.2,1.07,0.82,1.01,1.13,1.21,1.2,1.09,0.7,0.71
Solomon Islands,Data source,Beer,0.95,1.01,0.74,0.95,0.67,0.76,0.75,0.59,0.45,0.63
Solomon Islands,Data source,Wine,0.02,0.02,0.03,0.02,0.03,0.02,0.02,0.01,0.01,0.01
Solomon Islands,Data source,Spirits,0.22,0.04,0.05,0.03,0.41,0.42,0.43,0.48,0.24,0.07
Solomon Islands,Data source,Other alcoholic beverages,0,0,0,0,0.02,0,0,0,0,0
Somalia,Data source,All types,0,0,0,0,0,0,0,0,0,0
Somalia,Data source,Beer,0,0,0,0,0,0,0,0,0,0
Somalia,Data source,Wine,0,0,0,0,0,0,0,0,0,0
Somalia,Data source,Spirits,0,0,0,0,0,0,0,0,0,0
Somalia,Data source,Other alcoholic beverages,0,0,0,0,0,0,0,0,0,0
South Africa,Data source,All types,7.25,7.46,7.5,7.3,7.17,7.2,7.32,7.47,7.56,7.7
South Africa,Data source,Beer,4.09,4.16,4.19,4.14,4.13,4.16,4.29,4.21,4.28,4.4
South Africa,Data source,Wine,1.27,1.35,1.37,1.33,1.34,1.38,1.38,1.58,1.6,1.6
South Africa,Data source,Spirits,1.31,1.39,1.39,1.36,1.32,1.31,1.3,1.33,1.33,1.39
South Africa,Data source,Other alcoholic beverages,0.57,0.56,0.54,0.47,0.39,0.35,0.35,0.36,0.35,0.32
Spain,Data source,All types,9.99,10.24,11.05,11.86,11.92,11.32,11.04,10.41,12.01,11.61
Spain,Data source,Beer,4.98,4.92,5.09,5.15,4.98,4.08,4.1,3.82,3.89,3.78
Spain,Data source,Wine,2.28,2.44,2.78,3.43,3.67,3.87,3.8,4,4.18,4.51
Spain,Data source,Spirits,2.73,2.88,3.18,3.28,3.27,3.37,3.15,2.59,3.93,3.33
Spain,Data source,Other alcoholic beverages,0,0,0,0,0,0,0,0,0,0
Sri Lanka,Data source,All types,2.05,2.1,2.29,1.96,1.97,1.56,1.69,1.62,1.68,1.45
Sri Lanka,Data source,Beer,0.2,0.2,0.2,0.2,0.3,0.17,0.15,0.15,0.1,0.1
Sri Lanka,Data source,Wine,0,0,0,0,0,0,0.01,0.01,0,0.01
Sri Lanka,Data source,Spirits,1.81,1.86,2.05,1.72,1.63,1.39,1.53,1.46,1.58,1.34
Sri Lanka,Data source,Other alcoholic beverages,0.04,0.04,0.04,0.04,0.04,0,0,0,0,0
Suriname,Data source,All types,4.93,4.82,4.69,4.57,4.52,4.66,4.7,4.58,4.41,4.46
Suriname,Data source,Beer,2,1.92,1.73,1.66,1.55,1.66,1.67,1.7,1.74,1.69
Suriname,Data source,Wine,0.13,0.13,0.12,0.12,0.12,0.11,0.11,0.1,0.09,0.08
Suriname,Data source,Spirits,2.65,2.62,2.69,2.64,2.75,2.79,2.83,2.69,2.48,2.6
Suriname,Data source,Other alcoholic beverages,0.15,0.15,0.15,0.14,0.09,0.09,0.09,0.09,0.09,0.09
Sweden,Data source,All types,7.31,7.02,6.98,6.81,6.53,6.51,6.88,6.88,6.5,6.2
Sweden,Data source,Beer,2.74,2.7,2.73,2.72,2.61,2.6,2.77,2.75,2.61,2.7
Sweden,Data source,Wine,3.31,3.09,3.04,2.86,2.71,2.68,2.71,2.62,2.4,2.2
Sweden,Data source,Spirits,1.13,1.11,1.09,1.1,1.09,1.11,1.27,1.39,1.4,1.3
Sweden,Data source,Other alcoholic beverages,0.13,0.12,0.12,0.13,0.12,0.12,0.13,0.12,0.09,0
Switzerland,Data source,All types,10.15,10.29,10.44,10.24,10.15,10.54,10.82,10.85,11.12,11.26
Switzerland,Data source,Beer,3.3,3.31,3.32,3.21,3.11,3.24,3.37,3.25,3.38,3.39
Switzerland,Data source,Wine,4.84,4.97,5.1,5,5.14,5.27,5.41,5.54,5.68,5.81
Switzerland,Data source,Spirits,1.89,1.89,1.9,1.91,1.79,1.92,1.92,1.93,1.93,1.94
Switzerland,Data source,Other alcoholic beverages,0.12,0.12,0.12,0.12,0.12,0.12,0.12,0.12,0.12,0.12
Syrian Arab Republic,Data source,All types,0.76,0.75,0.74,0.75,0.79,0.61,0.86,0.9,0.95,0.93
Syrian Arab Republic,Data source,Beer,0.1,0.07,0.05,0.04,0.04,0.04,0.04,0.04,0.04,0.04
Syrian Arab Republic,Data source,Wine,0.01,0.01,0,0,0,0,0,0,0,0
Syrian Arab Republic,Data source,Spirits,0.66,0.68,0.69,0.71,0.74,0.56,0.82,0.86,0.91,0.89
Syrian Arab Republic,Data source,Other alcoholic beverages,0,0,0,0,0,0,0,0,0,0
Tajikistan,Data source,All types,0.66,0.56,0.54,0.56,0.65,0.7,0.74,0.8,0.8,0.81
Tajikistan,Data source,Beer,0.24,0.3,0.19,0.16,0.15,0.13,0.14,0.14,0.14,0.14
Tajikistan,Data source,Wine,0.02,0.05,0.08,0.11,0.18,0.18,0.19,0.19,0.18,0.12
Tajikistan,Data source,Spirits,0.39,0.21,0.26,0.29,0.32,0.38,0.41,0.47,0.48,0.54
Tajikistan,Data source,Other alcoholic beverages,0,0,0,0,0,0,0,0,0,0
Thailand,Data source,All types,6.74,7.54,6.12,6.1,6.19,6.1,6.07,5.86,5.84,5.81
Thailand,Data source,Beer,2.01,2.24,1.97,1.95,1.68,1.59,1.57,1.28,1.2,1.11
Thailand,Data source,Wine,0.14,0.16,0.02,0.02,0.02,0.02,0.02,0.01,0.01,0.01
Thailand,Data source,Spirits,4.59,5.14,4.13,4.13,4.49,4.49,4.48,4.56,4.63,4.68
Thailand,Data source,Other alcoholic beverages,6.74,7.54,6.12,6.1,6.19,6.1,6.07,5.86,5.84,5.81
Timor-Leste,Data source,All types,0.09,0.06,0.05,0.04,0.35,0.39,0.44,0.48,0.5,0.5
Timor-Leste,Data source,Beer,0.01,0.01,0,0.01,0.34,0.36,0.37,0.41,0.42,0.43
Timor-Leste,Data source,Wine,0.06,0.04,0.03,0.02,0.02,0.02,0.03,0.03,0.03,0.03
Timor-Leste,Data source,Spirits,0.01,0.01,0.01,0.01,0,0.01,0.04,0.04,0.05,0.05
Timor-Leste,Data source,Other alcoholic beverages,0,0,0,0,0,0,0,0,0,0
Togo,Data source,All types,1.16,1.44,1.52,2.01,1.84,1.61,0.89,0.86,0.88,1.08
Togo,Data source,Beer,0.66,0.65,0.58,0.49,0.47,0.46,0.46,0.43,0.42,0.44
Togo,Data source,Wine,0.09,0.34,0.39,0.42,0.31,0.33,0.14,0.08,0.14,0.1
Togo,Data source,Spirits,0.07,0.11,0.15,0.72,0.78,0.64,0.02,0.04,0.06,0.24
Togo,Data source,Other alcoholic beverages,0.34,0.35,0.39,0.39,0.28,0.18,0.27,0.31,0.26,0.3
Tonga,Data source,All types,1.08,1.1,2.05,1.79,1.89,1.79,1.79,1.5,1.34,1.22
Tonga,Data source,Beer,0.62,0.62,0.87,0.87,0.88,0.89,0.89,0.89,0.65,0.66
Tonga,Data source,Wine,0.12,0.11,0.16,0.09,0.28,0.3,0.22,0.08,0.1,0.1
Tonga,Data source,Spirits,0.35,0.36,1.02,0.83,0.63,0.43,0.55,0.51,0.59,0.46
Tonga,Data source,Other alcoholic beverages,0,0,0,0,0.1,0.18,0.13,0.02,0,0
Trinidad and Tobago,Data source,All types,5.93,5.99,6.03,6.05,5.75,5.52,5.44,5.25,4.7,4.81
Trinidad and Tobago,Data source,Beer,2.83,2.8,2.81,2.83,2.74,2.67,2.57,2.53,2.05,2.12
Trinidad and Tobago,Data source,Wine,0.19,0.22,0.19,0.18,0.17,0.17,0.18,0.17,0.17,0.18
Trinidad and Tobago,Data source,Spirits,2.83,2.88,2.92,2.91,2.72,2.64,2.64,2.51,2.43,2.46
Trinidad and Tobago,Data source,Other alcoholic beverages,0.08,0.09,0.12,0.12,0.11,0.04,0.04,0.04,0.04,0.04
Tunisia,Data source,All types,1.36,1.28,1.17,1.32,1.25,1.22,1.19,1.15,1.18,1.2
Tunisia,Data source,Beer,0.96,0.93,0.91,0.88,0.85,0.82,0.79,0.78,0.74,0.78
Tunisia,Data source,Wine,0.29,0.29,0.19,0.38,0.34,0.35,0.36,0.34,0.4,0.37
Tunisia,Data source,Spirits,0.1,0.05,0.06,0.06,0.06,0.06,0.04,0.04,0.04,0.04
Tunisia,Data source,Other alcoholic beverages,0.02,0,0,0,0,0,0,0,0,0
Turkey,Data source,All types,1.52,1.51,1.37,1.39,1.39,1.48,1.53,1.59,1.6,1.66
Turkey,Data source,Beer,0.91,0.92,0.85,0.82,0.83,0.85,0.85,0.83,0.8,0.82
Turkey,Data source,Wine,0.11,0.09,0.06,0.06,0.07,0.05,0.04,0.04,0.06,0.05
Turkey,Data source,Spirits,0.51,0.5,0.46,0.51,0.49,0.58,0.64,0.72,0.75,0.78
Turkey,Data source,Other alcoholic beverages,0,0,0,0,0,0,0,0,0,0
Turkmenistan,Data source,All types,2,2.12,2.23,2.54,2.63,2.58,2.57,2.41,2.36,2.89
Turkmenistan,Data source,Beer,0.15,0.22,0.3,0.48,0.45,0.38,0.35,0.18,0.1,0.08
Turkmenistan,Data source,Wine,0.58,0.66,0.7,0.82,0.92,0.95,0.96,0.97,0.98,1.51
Turkmenistan,Data source,Spirits,1.27,1.23,1.23,1.24,1.25,1.25,1.25,1.26,1.28,1.3
Turkmenistan,Data source,Other alcoholic beverages,0,0,0,0,0,0,0,0,0,0
Tuvalu,Data source,All types,1.27,1.04,0.58,1.25,0.65,2.2,1.52,0.54,2.07,1.32
Tuvalu,Data source,Beer,0.06,0.11,0.03,0.85,0.02,0.05,0.11,0.32,1.15,0.92
Tuvalu,Data source,Wine,0.49,0.15,0.06,0.03,0.01,0.26,0.06,0.1,0.13,0.13
Tuvalu,Data source,Spirits,0.72,0.78,0.49,0.37,0.62,1.89,1.34,0.13,0.79,0.27
Tuvalu,Data source,Other alcoholic beverages,0,0,0,0,0,0,0,0,0,0
Uganda,Data source,All types,11.1,11.37,10.77,10.97,11.3,11.06,11.37,11.64,11.8,11.68
Uganda,Data source,Beer,0.64,0.53,0.58,0.55,0.51,0.43,0.43,0.44,0.49,0.57
Uganda,Data source,Wine,0.01,0.01,0.01,0,0,0,0,0,0,0
Uganda,Data source,Spirits,0.55,0.57,0.17,0.18,0.19,0.21,0.18,0.19,0.19,0.2
Uganda,Data source,Other alcoholic beverages,9.9,10.26,10.01,10.23,10.6,10.41,10.76,11.01,11.11,10.91
Ukraine,Data source,All types,8.97,9.41,8.12,7.42,6.82,6.51,6.81,7.13,7.31,6.95
Ukraine,Data source,Beer,3.34,3.6,3.58,3.03,2.69,2.18,1.95,1.74,1.52,1.28
Ukraine,Data source,Wine,0.49,0.48,0.45,0.42,0.39,0.52,0.53,0.54,0.38,0.36
Ukraine,Data source,Spirits,5.06,5.24,4.02,3.91,3.7,3.81,4.33,4.85,5.41,5.3
Ukraine,Data source,Other alcoholic beverages,0.08,0.09,0.08,0.06,0.05,0,0,0,0,0
United Arab Emirates,Data source,All types,1.76,1.86,2.28,2.46,2.68,1.59,1.57,1.6,1.62,1.66
United Arab Emirates,Data source,Beer,0.23,0.28,0.3,0.33,0.4,0.45,0.49,0.51,0.52,0.54
United Arab Emirates,Data source,Wine,0.12,0.13,0.12,0.12,0.13,0.13,0.07,0.07,0.07,0.07
United Arab Emirates,Data source,Spirits,1.41,1.44,1.85,1.99,2.14,1,1.01,1,1.02,1.03
United Arab Emirates,Data source,Other alcoholic beverages,0.01,0.01,0.01,0.01,0.01,0.01,0.01,0.01,0.01,0.01
United Kingdom of Great Britain and Northern Ireland,Data source,All types,9.98,10.66,11.06,10.93,11.38,11.58,11.28,11.33,11.31,10.82
United Kingdom of Great Britain and Northern Ireland,Data source,Beer,3.78,4.17,4.42,4.69,4.85,5.11,5.17,5.12,5.06,4.98
United Kingdom of Great Britain and Northern Ireland,Data source,Wine,3.17,3.4,3.51,3.25,3.42,3.33,3.05,3.28,3.6,3.25
United Kingdom of Great Britain and Northern Ireland,Data source,Spirits,2.12,2.26,2.33,2.25,2.46,2.52,2.45,2.33,2.03,1.96
United Kingdom of Great Britain and Northern Ireland,Data source,Other alcoholic beverages,0.91,0.82,0.8,0.75,0.65,0.63,0.6,0.61,0.62,0.63
United Republic of Tanzania,Data source,All types,6.26,4.96,6.89,6.09,5.74,5.69,3.45,5.14,6.25,5.96
United Republic of Tanzania,Data source,Beer,0.68,0.76,0.77,0.64,0.56,0.51,0.49,0.46,0.49,0.51
United Republic of Tanzania,Data source,Wine,0.01,0.01,0.01,0.01,0.01,0.01,0.01,0.01,0.01,0.01
United Republic of Tanzania,Data source,Spirits,0.2,0.18,0.15,0.15,0.15,0.12,0.09,0.11,0.09,0.1
United Republic of Tanzania,Data source,Other alcoholic beverages,5.37,4.01,5.97,5.29,5.03,5.06,2.86,4.56,5.66,5.35
United States of America,Data source,All types,8.67,8.74,8.74,8.63,8.55,8.48,8.4,8.33,8.25,8.21
United States of America,Data source,Beer,4.43,4.54,4.58,4.54,4.54,4.58,4.58,4.66,4.66,4.62
United States of America,Data source,Wine,1.48,1.44,1.44,1.4,1.36,1.32,1.29,1.25,1.17,1.17
United States of America,Data source,Spirits,2.76,2.76,2.73,2.69,2.65,2.57,2.54,2.42,2.42,2.42
United States of America,Data source,Other alcoholic beverages,0,0,0,0,0,0,0,0,0,0
Uruguay,Data source,All types,6.45,6.54,6.51,6.45,6.26,5.88,5.4,6.08,6.9,7.11
Uruguay,Data source,Beer,1.75,1.77,1.55,1.44,1.31,1.1,0.85,1,1.19,1.37
Uruguay,Data source,Wine,3.75,3.86,4.07,4.12,4.18,4.08,3.89,4.33,4.76,4.88
Uruguay,Data source,Spirits,0.96,0.9,0.9,0.89,0.77,0.69,0.65,0.75,0.95,0.87
Uruguay,Data source,Other alcoholic beverages,0,0,0,0,0,0,0,0,0,0
Uzbekistan,Data source,All types,1.7,1.72,1.75,1.81,1.76,2.82,2.92,2.73,2.92,3.03
Uzbekistan,Data source,Beer,0.81,0.75,0.64,0.6,0.45,0.35,0.27,0.24,0.23,0.2
Uzbekistan,Data source,Wine,0.07,0.14,0.16,0.14,0.16,0.24,0.32,0.24,0.31,0.3
Uzbekistan,Data source,Spirits,0.82,0.82,0.95,1.07,1.15,2.24,2.32,2.25,2.38,2.53
Uzbekistan,Data source,Other alcoholic beverages,0,0,0,0,0,0,0,0,0,0
Vanuatu,Data source,All types,0.83,1.17,1.01,1,0.89,0.85,0.88,0.9,0.76,0.82
Vanuatu,Data source,Beer,0.32,0.32,0.45,0.46,0.47,0.49,0.51,0.52,0.4,0.46
Vanuatu,Data source,Wine,0.23,0.28,0.17,0.18,0.22,0.17,0.18,0.19,0.16,0.16
Vanuatu,Data source,Spirits,0.28,0.57,0.39,0.36,0.19,0.19,0.19,0.19,0.19,0.19
Vanuatu,Data source,Other alcoholic beverages,0,0,0,0,0,0,0,0,0,0
Venezuela (Bolivarian Republic of),Data source,All types,7.75,8.41,8.89,8.37,7.98,7.58,6.39,6.99,8.15,8.09
Venezuela (Bolivarian Republic of),Data source,Beer,5.79,6.36,6.85,6.38,6.17,5.95,4.4,5.17,6.02,5.61
Venezuela (Bolivarian Republic of),Data source,Wine,0.27,0.34,0.31,0.25,0.18,0.14,0.11,0.13,0.18,0.16
Venezuela (Bolivarian Republic of),Data source,Spirits,1.63,1.66,1.69,1.71,1.6,1.5,1.88,1.69,1.95,2.32
Venezuela (Bolivarian Republic of),Data source,Other alcoholic beverages,0.06,0.05,0.05,0.04,0.03,0,0,0,0,0
Viet Nam,Data source,All types,1.97,1.78,1.51,1.35,1.19,1.13,0.93,0.82,0.76,0.71
Viet Nam,Data source,Beer,1.81,1.63,1.43,1.28,1.12,1.07,0.88,0.77,0.72,0.69
Viet Nam,Data source,Wine,0.01,0.01,0.01,0.01,0.01,0.01,0,0,0,0
Viet Nam,Data source,Spirits,0.15,0.14,0.07,0.07,0.06,0.05,0.05,0.04,0.04,0.02
Viet Nam,Data source,Other alcoholic beverages,0,0,0,0,0,0,0,0,0,0
Yemen,Data source,All types,0.03,0.04,0.05,0.04,0.04,0.06,0.04,0.07,0.08,0.07
Yemen,Data source,Beer,0.03,0.04,0.05,0.04,0.03,0.05,0.04,0.06,0.08,0.07
Yemen,Data source,Wine,0,0,0,0,0,0,0,0,0,0
Yemen,Data source,Spirits,0,0,0,0,0,0.01,0,0.01,0,0
Yemen,Data source,Other alcoholic beverages,0,0,0,0,0,0,0,0,0,0
Zambia,Data source,All types,3.05,2.66,3.17,2.73,2.41,2.75,2.39,2.61,2.8,2.82
Zambia,Data source,Beer,0.46,0.46,0.43,0.43,0.41,0.46,0.45,0.47,0.5,0.5
Zambia,Data source,Wine,0.59,0.36,0.41,0.25,0.11,0.34,0.09,0.2,0.22,0.22
Zambia,Data source,Spirits,0.34,0.29,0.28,0.28,0.27,0.27,0.25,0.26,0.24,0.2
Zambia,Data source,Other alcoholic beverages,1.67,1.55,2.05,1.76,1.62,1.68,1.6,1.67,1.83,1.9
Zimbabwe,Data source,All types,2.77,2.82,2.26,2.35,2.17,2.48,1.96,2.39,1.93,1.89
Zimbabwe,Data source,Beer,1.09,1.47,0.88,1.09,0.96,1.14,0.88,1.16,0.74,0.67
Zimbabwe,Data source,Wine,0.07,0.04,0.01,0.01,0.01,0.01,0.02,0.04,0.01,0.01
Zimbabwe,Data source,Spirits,0.34,0.36,0.36,0.37,0.37,0.44,0.4,0.41,0.41,0.42
Zimbabwe,Data source,Other alcoholic beverages,1.27,0.95,1.01,0.88,0.84,0.89,0.66,0.79,0.76,0.79
